user_id,driver_name,city,ride_date,hour_of_day,day_of_week,distance_km,traffic_level,type_of_vehicle,no_of_active_drivers,ride_requests,demand_supply_ratio,trip_duration,base_fare,surge_multiplier,final_fare
USER-21819-Bcbf,Patrick Sanchez,Pune,2025-11-05,0,Friday,26.21,Low,Hatchback,36,67,1.86,60,354.52,1.3,460.88
USER-79402-SBvr,Meredith Barnes,Mumbai,2025-10-13,2,Friday,21.08,High,Auto,9,17,1.89,50,282.96,1.3,367.85
USER-40781-yfJs,Ian Cooper,Bengaluru,2026-06-16,6,Sunday,25.34,High,Hatchback,94,149,1.59,75,344.08,1.3,447.3
USER-41316-rDOx,Amber Perez,Mumbai,2025-10-15,0,Monday,26.8,High,Auto,25,188,7.52,76,351.6,1.6,562.56
USER-76483-RuXX,Kimberly Sanchez,Chennai,2025-09-06,10,Friday,4.48,High,SUV,53,34,0.64,18,133.76,1.0,133.76
USER-53767-jqip,Thomas Bradley,Delhi,2026-05-16,1,Sunday,25.81,Jam,Hatchback,73,41,0.56,97,349.72,1.0,349.72
USER-71012-OkYR,Zachary Taylor,Hyderabad,2026-01-18,9,Monday,29.2,Jam,Hatchback,84,102,1.21,86,390.4,1.1,429.44
USER-01845-hsBk,Tricia Valencia,Hyderabad,2026-01-30,9,Friday,34.5,High,Hatchback,34,35,1.03,97,454.0,1.0,454.0
USER-89325-WkIX,Ashley Garrett,Mumbai,2026-07-20,11,Tuesday,6.53,High,SUV,50,63,1.26,22,158.36,1.3,205.87
USER-43039-ffUF,Jack Galloway,Bengaluru,2026-06-11,23,Monday,9.32,Medium,Bike,64,107,1.67,32,126.84,1.2,152.21
USER-96383-TtzQ,Joshua Baker,Pune,2026-04-11,1,Sunday,8.79,Jam,Auto,9,90,10.0,25,135.48,1.6,216.77
USER-39301-TOdo,George Chapman,Mumbai,2025-09-11,22,Tuesday,11.7,High,Auto,88,137,1.56,39,170.4,1.1,187.44
USER-29973-YEZA,Michael Lewis,Chennai,2025-10-26,23,Saturday,20.09,Jam,Sedan,38,159,4.18,61,291.08,1.7,494.84
USER-10651-pmmI,Scott Brown,Hyderabad,2026-01-28,4,Sunday,18.32,High,SUV,16,22,1.38,64,299.84,1.3,389.79
USER-81080-fWpk,Angela Morton,Mumbai,2026-01-12,13,Friday,21.28,Jam,Auto,54,107,1.98,70,285.36,1.3,370.97
USER-74687-jmsn,William Baker,Mumbai,2026-08-06,0,Saturday,24.13,Low,Sedan,19,184,9.68,86,339.56,1.9,645.16
USER-82081-leMe,John Calhoun,Bengaluru,2026-04-21,9,Wednesday,15.78,Low,Hatchback,63,10,0.16,60,229.36,1.0,229.36
USER-99854-nQTu,Amanda Miller,Mumbai,2025-11-12,5,Saturday,18.26,High,SUV,18,170,9.44,54,299.12,1.8,538.42
USER-99118-nGqi,Taylor Smith,Delhi,2026-07-24,5,Monday,19.34,Medium,Sedan,72,10,0.14,65,282.08,1.0,282.08
USER-27849-ZPHa,Unknown,Delhi,2026-04-18,11,Monday,30.88,Low,Bike,44,71,1.61,67,385.56,1.1,424.12
USER-44935-nROq,Brian Tran,Delhi,2026-02-18,2,Wednesday,34.25,Low,Auto,73,42,0.58,84,441.0,1.0,441.0
USER-24278-TBJa,Donald Smith,Pune,2025-09-27,5,Saturday,10.01,Medium,Hatchback,82,118,1.44,44,160.12,1.3,208.16
USER-20450-wnRp,Lauren Hernandez,Bengaluru,2026-04-18,22,Thursday,11.6,Jam,Hatchback,90,176,1.96,39,179.2,1.2,215.04
USER-26025-YAZQ,Timothy Hancock,Pune,2026-06-29,2,Sunday,12.49,High,Bike,80,151,1.89,34,164.88,1.1,181.37
USER-33754-Yoob,Shane Garrison,Pune,2026-04-15,1,Saturday,8.78,High,Auto,9,94,10.44,23,135.36,1.6,216.58
USER-85014-lLqc,Jordan Frazier,Delhi,2025-09-26,17,Wednesday,5.5,High,SUV,78,157,2.01,23,146.0,1.9,277.4
USER-06088-RUVV,Mrs. Stephanie Lee,Chennai,2026-04-19,3,Friday,23.41,Low,Sedan,50,118,2.36,63,330.92,1.8,595.66
USER-48465-zSsJ,Ryan Cortez,Chennai,2025-10-02,3,Friday,3.06,Jam,Bike,98,96,0.98,12,51.72,1.0,51.72
USER-44369-MPuD,Jennifer Bass,Chennai,2026-01-25,6,Friday,19.23,Jam,Bike,22,118,5.36,52,245.76,1.6,393.22
USER-51343-Zmjb,Jose Schultz,Pune,2025-09-03,14,Friday,28.47,Low,SUV,75,35,0.47,69,421.64,1.0,421.64
USER-67632-PSaW,Laura Higgins,Hyderabad,2026-06-27,2,Friday,32.5,Jam,Bike,35,52,1.49,93,405.0,1.2,486.0
USER-83172-ZDQH,Melissa Marshall,Mumbai,2026-08-13,1,Saturday,6.6,Jam,Hatchback,5,109,21.8,24,119.2,1.6,190.72
USER-72774-WpOr,Jessica Meadows,Pune,2026-05-24,23,Friday,34.84,Medium,Sedan,76,179,2.36,111,468.08,1.6,748.93
USER-58122-oySj,Dustin Nelson,Hyderabad,2026-05-02,1,Tuesday,20.69,Jam,Sedan,74,25,0.34,66,298.28,1.0,298.28
USER-69096-Eawt,Antonio Wall,Chennai,2026-05-19,15,Monday,18.1,Jam,Hatchback,72,50,0.69,47,257.2,1.0,257.2
USER-73467-byvQ,Rebecca Hurst,Pune,2026-04-22,5,Monday,3.33,Medium,SUV,13,182,14.0,18,119.96,1.6,191.94
USER-01627-ldqy,Ms. Susan Vargas,Mumbai,2025-12-15,7,Sunday,20.68,High,SUV,10,168,16.8,53,328.16,1.7,557.87
USER-17080-woPe,Sandra King,Delhi,2026-05-29,21,Tuesday,25.35,Low,Bike,35,77,2.2,71,319.2,1.7,542.64
USER-71937-SqXx,Lisa Allen,Mumbai,2025-10-17,2,Friday,1.32,Low,Bike,84,154,1.83,7,30.84,1.3,40.09
USER-66319-SOpg,Alexander Collins,Delhi,2026-04-29,4,Thursday,32.73,Low,Hatchback,13,72,5.54,87,432.76,1.7,735.69
USER-85067-gBxO,Jeffrey Wood,Bengaluru,2026-07-09,9,Saturday,21.8,Medium,SUV,88,145,1.65,53,341.6,1.2,409.92
USER-87769-rupf,Tracie Nelson,Mumbai,2025-11-27,4,Wednesday,9.99,Jam,Hatchback,18,200,11.11,34,159.88,1.6,255.81
USER-52735-Zqvr,Gabrielle Snyder,Chennai,2026-07-05,10,Tuesday,7.92,High,Hatchback,86,77,0.9,27,135.04,1.0,135.04
USER-67837-PTFC,Cheryl Allen,Bengaluru,2026-06-03,1,Wednesday,4.14,Medium,SUV,59,80,1.36,15,129.68,1.3,168.58
USER-88568-vwSD,Matthew Wood,Pune,2025-11-24,8,Tuesday,6.49,Low,Bike,61,151,2.48,29,92.88,1.5,139.32
USER-23374-ULWH,Joshua Gill,Delhi,2026-03-23,22,Thursday,31.73,Medium,Sedan,74,19,0.26,113,430.76,1.0,430.76
USER-24008-sSiO,Eric Erickson,Mumbai,2026-06-30,4,Saturday,2.42,Low,Hatchback,51,20,0.39,13,69.04,1.0,69.04
USER-04711-zFeK,Jeremiah Lopez,Delhi,2026-04-04,21,Saturday,4.49,Medium,Hatchback,76,114,1.5,19,93.88,1.4,131.43
USER-69993-XHyC,David Grant,Delhi,2026-07-15,5,Monday,34.19,Jam,Sedan,27,115,4.26,76,460.28,1.9,874.53
USER-33412-plJe,Lisa Singh,Chennai,2025-10-13,21,Thursday,30.38,Jam,Sedan,36,78,2.17,71,414.56,1.7,704.75
USER-71349-QZmB,Michael Warner,Bengaluru,2025-09-28,15,Friday,8.56,Medium,Sedan,63,99,1.57,26,152.72,1.2,183.26
USER-94717-StSz,Christopher Parker,Mumbai,2026-07-27,12,Tuesday,12.16,Jam,SUV,13,81,6.23,40,225.92,1.7,384.06
USER-94013-RKLb,Stacy Navarro,Bengaluru,2026-08-17,17,Saturday,12.26,High,Hatchback,8,39,4.88,46,187.12,1.6,299.39
USER-74296-OFfE,Casey Stone,Bengaluru,2025-12-22,8,Tuesday,2.3,Low,Bike,81,121,1.49,12,42.6,1.2,51.12
USER-68071-uquh,Jon Bates,Delhi,2026-08-06,3,Friday,14.1,Low,Hatchback,78,58,0.74,41,209.2,1.0,209.2
USER-60385-NWFO,Unknown,Hyderabad,2026-01-25,17,Sunday,24.35,High,Hatchback,99,198,2.0,80,332.2,1.2,398.64
USER-10932-tJaJ,Jessica Wolfe,Mumbai,2026-01-13,10,Wednesday,22.19,Low,SUV,89,41,0.46,74,346.28,1.0,346.28
USER-48467-EpDJ,Brittany Cantu,Bengaluru,2025-10-09,21,Friday,14.89,Medium,Auto,56,188,3.36,40,208.68,1.6,333.89
USER-84044-LLQF,Sarah Morgan,Delhi,2026-06-29,12,Saturday,24.03,Jam,Sedan,27,167,6.19,76,338.36,1.8,609.05
USER-88675-mSpK,Unknown,Delhi,2026-01-04,9,Friday,8.15,Jam,Auto,79,165,2.09,33,127.8,1.7,217.26
USER-62702-GLvg,Michele Shepherd,Delhi,2026-07-02,16,Wednesday,17.09,Jam,Auto,99,53,0.54,57,235.08,1.0,235.08
USER-17459-SzPf,Seth Booker,Pune,2026-06-24,20,Saturday,22.05,Jam,Sedan,16,70,4.38,71,314.6,1.9,597.74
USER-09134-oVfB,Olivia Brennan,Pune,2026-08-09,1,Monday,9.32,Low,SUV,65,166,2.55,33,191.84,1.7,326.13
USER-04556-jpHA,Stephanie Williams,Mumbai,2026-03-12,18,Monday,7.61,Medium,Bike,94,108,1.15,25,106.32,1.0,106.32
USER-79237-OqDq,Janet Vega,Bengaluru,2026-04-18,22,Wednesday,1.19,Jam,Sedan,18,118,6.56,12,64.28,1.7,109.28
USER-94647-tmyE,Angela Landry,Pune,2025-09-25,3,Tuesday,16.52,High,Hatchback,64,180,2.81,56,238.24,1.8,428.83
USER-40909-VFsX,Elizabeth Spence DDS,Delhi,2026-06-05,14,Monday,21.83,High,Bike,97,139,1.43,67,276.96,1.2,332.35
USER-21047-cLxU,David Campos,Pune,2025-10-04,15,Monday,16.3,High,SUV,36,173,4.81,49,275.6,1.7,468.52
USER-58842-qEZs,Richard Walter,Mumbai,2026-05-17,14,Tuesday,3.63,Low,SUV,41,70,1.71,15,123.56,1.4,172.98
USER-68516-aqIh,Vincent Dalton,Bengaluru,2026-01-30,4,Wednesday,8.86,High,Hatchback,93,49,0.53,30,146.32,1.0,146.32
USER-37098-uNoP,Teresa Rodriguez,Hyderabad,2025-09-09,10,Friday,19.45,High,SUV,58,25,0.43,52,313.4,1.0,313.4
USER-71138-iyDx,Tracy Torres,Bengaluru,2026-04-19,18,Tuesday,33.17,Jam,Hatchback,7,157,22.43,87,438.04,2.0,876.08
USER-79640-SxnC,Stacey Pena,Pune,2026-01-26,12,Monday,30.02,High,Auto,58,147,2.53,103,390.24,1.9,741.46
USER-06431-DfQn,Steven Newman,Pune,2026-04-08,15,Saturday,8.46,Low,Auto,60,134,2.23,24,131.52,1.8,236.74
USER-18393-ovXj,Cameron Cunningham,Delhi,2026-06-01,23,Wednesday,6.61,High,Bike,64,42,0.66,32,94.32,1.0,94.32
USER-02053-Lubl,Rebecca Rodriguez,Mumbai,2025-11-22,12,Sunday,21.12,Jam,Hatchback,89,16,0.18,52,293.44,1.0,293.44
USER-89178-oNcU,Karen Strickland,Bengaluru,2026-05-30,14,Monday,7.18,High,SUV,38,107,2.82,26,166.16,1.7,282.47
USER-66177-efuM,Amy Mendoza,Pune,2025-10-10,12,Tuesday,10.46,High,SUV,58,74,1.28,43,205.52,1.1,226.07
USER-11836-CoAv,Jody Jacobs,Chennai,2026-06-15,11,Thursday,8.62,Low,Sedan,13,176,13.54,19,153.44,2.0,306.88
USER-71111-BgVV,David Mckay,Hyderabad,2025-12-31,0,Sunday,22.13,Low,Hatchback,35,42,1.2,62,305.56,1.0,305.56
USER-60494-wgKG,Meagan Jenkins,Chennai,2025-11-03,6,Sunday,16.81,Medium,Auto,37,104,2.81,40,231.72,1.9,440.27
USER-93689-NRPJ,Holly Farmer,Delhi,2025-08-27,9,Friday,4.68,High,Auto,8,89,11.12,21,86.16,1.7,146.47
USER-50229-Qzej,Phillip Dorsey,Mumbai,2026-05-15,2,Saturday,21.13,Low,Hatchback,85,72,0.85,51,293.56,1.0,293.56
USER-45991-djkW,Jesse Moore,Mumbai,2026-03-31,19,Saturday,28.39,High,SUV,77,20,0.26,79,420.68,1.0,420.68
USER-38156-hsRR,Lawrence Perry,Pune,2026-03-22,2,Wednesday,18.2,High,Auto,48,13,0.27,68,248.4,1.0,248.4
USER-43244-uhaF,Kyle Smith,Mumbai,2026-05-17,11,Thursday,22.61,Jam,Hatchback,63,191,3.03,54,311.32,1.9,591.51
USER-51606-bDeu,Justin Barnett,Pune,2026-03-15,8,Friday,21.94,Jam,Sedan,73,133,1.82,65,313.28,1.2,375.94
USER-97516-gpBL,Vincent Jackson,Bengaluru,2026-01-10,2,Saturday,10.48,High,Sedan,62,72,1.16,40,175.76,1.0,175.76
USER-18835-wUPj,Christopher Dixon,Mumbai,2025-11-11,15,Monday,29.93,Medium,Bike,28,134,4.79,75,374.16,1.7,636.07
USER-77997-RKPO,Peter Jones,Chennai,2026-08-12,22,Wednesday,30.92,High,Bike,76,12,0.16,90,386.04,1.0,386.04
USER-49058-etDC,Jeremy Turner,Hyderabad,2025-08-31,23,Sunday,14.82,High,Auto,76,71,0.93,53,207.84,1.0,207.84
USER-86798-YVcC,Savannah Gilbert,Pune,2026-07-15,0,Thursday,4.16,Medium,Sedan,33,113,3.42,18,99.92,1.8,179.86
USER-15182-cpTC,Chris Brown,Chennai,2026-08-14,17,Sunday,19.05,Medium,Sedan,59,200,3.39,60,278.6,1.9,529.34
USER-90515-gJRy,Jasmine Schroeder,Delhi,2025-11-29,8,Saturday,8.84,Medium,Sedan,97,59,0.61,31,156.08,1.0,156.08
USER-62914-JyPY,Brenda Bailey,Bengaluru,2025-12-15,22,Monday,7.3,Low,SUV,32,199,6.22,29,167.6,1.8,301.68
USER-35733-ijes,Jack White,Chennai,2026-06-21,6,Tuesday,11.07,Low,Sedan,51,55,1.08,37,182.84,1.0,182.84
USER-92706-xRUp,James Martin,Chennai,2026-08-06,1,Thursday,34.13,Jam,Bike,75,84,1.12,107,424.56,1.0,424.56
USER-35977-XsXy,Vincent Mueller,Chennai,2026-02-17,15,Thursday,4.49,Medium,Bike,6,156,26.0,19,68.88,1.7,117.1
USER-58181-sfWk,David Davidson,Chennai,2025-11-25,1,Wednesday,9.58,Medium,SUV,66,39,0.59,38,194.96,1.0,194.96
USER-50606-Gxpy,Courtney Hayes,Bengaluru,2026-08-15,18,Tuesday,22.4,Low,Sedan,11,48,4.36,55,318.8,1.5,478.2
USER-20472-WTEC,Marie Moody,Bengaluru,2026-03-30,17,Sunday,26.99,Low,Sedan,82,162,1.98,90,373.88,1.3,486.04
USER-86143-thdp,Kimberly Acosta,Mumbai,2026-01-17,14,Tuesday,11.11,Jam,Auto,80,119,1.49,29,163.32,1.3,212.32
USER-89324-BaNw,Kathryn Herrera,Bengaluru,2025-11-13,6,Tuesday,22.27,Low,Hatchback,38,179,4.71,52,307.24,1.6,491.58
USER-88067-cOyx,Joseph Romero,Delhi,2025-11-18,0,Wednesday,14.89,Low,Sedan,93,162,1.74,42,228.68,1.2,274.42
USER-52058-vPlX,Lori Ingram,Mumbai,2026-04-24,22,Thursday,30.23,Jam,Bike,14,185,13.21,77,377.76,1.9,717.74
USER-43030-utGz,Ricardo Ellis,Mumbai,2026-08-13,21,Sunday,28.33,High,Auto,30,118,3.93,66,369.96,1.8,665.93
USER-54156-zVCy,Howard Norman,Pune,2025-12-19,4,Wednesday,3.43,Jam,Sedan,26,88,3.38,15,91.16,1.7,154.97
USER-69284-ugfu,Bradley Coleman,Chennai,2026-04-15,9,Monday,24.79,Jam,Bike,39,138,3.54,78,312.48,1.5,468.72
USER-59640-eQOz,Jeremy Acosta,Pune,2025-12-28,13,Wednesday,25.97,Medium,Auto,82,74,0.9,57,341.64,1.0,341.64
USER-21355-yKcM,Megan Kim,Mumbai,2025-10-12,18,Saturday,20.96,High,Sedan,7,182,26.0,69,301.52,1.9,572.89
USER-65431-bVlF,Laura Moreno,Hyderabad,2026-02-22,16,Friday,23.15,Low,Sedan,40,56,1.4,88,327.8,1.3,426.14
USER-73121-ClTC,Cindy Carr,Delhi,2026-08-16,2,Tuesday,16.98,High,Sedan,57,95,1.67,45,253.76,1.4,355.26
USER-22583-hmYi,Joshua Vance,Pune,2025-11-11,22,Monday,17.85,High,Hatchback,89,112,1.26,67,254.2,1.1,279.62
USER-91146-TUEH,Robert Arnold,Chennai,2026-01-14,8,Tuesday,11.99,Low,Bike,56,141,2.52,40,158.88,1.8,285.98
USER-52892-XiBG,Joanna Frazier,Delhi,2026-07-16,13,Tuesday,2.84,Low,Hatchback,71,102,1.44,17,74.08,1.3,96.3
USER-35841-qmOJ,Christopher Donovan,Mumbai,2025-11-25,6,Tuesday,10.08,Low,Hatchback,21,83,3.95,35,160.96,1.6,257.54
USER-99590-bfcP,Todd Moore,Pune,2026-05-26,19,Wednesday,28.18,Medium,Hatchback,95,50,0.53,71,378.16,1.0,378.16
USER-84473-ZZRz,Amanda Small,Hyderabad,2025-12-04,2,Monday,8.64,Low,Bike,19,128,6.74,33,118.68,1.7,201.76
USER-25556-iWxG,John Peterson,Hyderabad,2026-03-10,16,Wednesday,24.98,Jam,Auto,58,133,2.29,91,329.76,1.7,560.59
USER-69632-uKUu,Charles Williams,Delhi,2025-10-25,6,Tuesday,32.34,Jam,SUV,70,44,0.63,112,468.08,1.0,468.08
USER-33950-dsFM,Brandon Long MD,Delhi,2026-07-05,13,Thursday,12.56,Jam,Sedan,69,78,1.13,46,200.72,1.0,200.72
USER-45650-zdKJ,Brian Anderson,Chennai,2025-10-27,18,Monday,20.72,Low,SUV,89,135,1.52,77,328.64,1.3,427.23
USER-99121-zxYv,Joshua Bryan,Chennai,2026-03-09,17,Friday,26.94,Medium,Bike,53,126,2.38,96,338.28,2.0,676.56
USER-25787-jMGi,Kathryn Williams,Chennai,2025-12-15,12,Saturday,8.94,Medium,SUV,57,21,0.37,31,187.28,1.0,187.28
USER-88794-Ebxv,Elizabeth Rogers,Chennai,2026-04-20,12,Friday,14.13,High,Auto,89,176,1.98,58,199.56,1.4,279.38
USER-99309-EkHO,Walter Patton,Chennai,2026-05-07,18,Monday,12.29,Jam,Bike,17,122,7.18,35,162.48,1.5,243.72
USER-30756-jASn,Kenneth Graves,Pune,2026-01-14,20,Tuesday,33.98,Jam,Auto,14,130,9.29,113,437.76,1.7,744.19
USER-78652-DIvI,Daniel Nguyen,Pune,2025-12-24,20,Wednesday,3.73,High,Hatchback,47,182,3.87,20,84.76,2.0,169.52
USER-34437-uEwJ,David Grant,Hyderabad,2026-07-24,15,Friday,30.66,High,Sedan,9,168,18.67,70,417.92,2.0,835.84
USER-65240-sTfw,Kimberly Huang,Bengaluru,2026-07-20,13,Friday,34.26,Jam,Bike,86,190,2.21,122,426.12,1.6,681.79
USER-42199-ppdQ,Denise Hoffman,Mumbai,2026-07-14,0,Tuesday,2.56,Medium,Auto,12,85,7.08,14,60.72,1.6,97.15
USER-20826-PEEP,Mitchell Garcia,Bengaluru,2025-10-29,18,Thursday,24.18,High,Sedan,28,53,1.89,62,340.16,1.3,442.21
USER-38026-lczY,Randy Pearson,Pune,2026-02-14,18,Saturday,5.87,High,Auto,64,173,2.7,19,100.44,1.8,180.79
USER-54788-FiGD,Lance Hebert,Bengaluru,2025-11-25,14,Tuesday,31.64,High,Bike,91,149,1.64,79,394.68,1.4,552.55
USER-54932-NOzB,David Lopez,Pune,2026-02-21,9,Friday,22.72,Low,Bike,59,186,3.15,59,287.64,1.6,460.22
USER-63745-tLUK,Timothy Smith,Mumbai,2025-08-21,15,Saturday,4.63,Medium,Auto,53,156,2.94,17,85.56,2.0,171.12
USER-84145-Nooi,Eric Sullivan,Pune,2026-02-08,21,Saturday,14.46,High,SUV,6,154,25.67,49,253.52,2.0,507.04
USER-33918-CHTx,Kaitlin Medina,Pune,2025-09-15,9,Wednesday,27.38,Low,Hatchback,34,165,4.85,92,368.56,1.8,663.41
USER-87139-FfGC,Joshua Martin,Chennai,2026-06-08,21,Tuesday,26.69,Jam,SUV,89,184,2.07,89,400.28,2.0,800.56
USER-06403-LecB,Joel Roman,Chennai,2025-12-21,9,Saturday,27.81,Low,Auto,9,158,17.56,74,363.72,1.5,545.58
USER-65676-yfRQ,Jason Mack,Hyderabad,2026-07-02,23,Wednesday,15.13,High,Auto,30,43,1.43,55,211.56,1.3,275.03
USER-00478-BIyo,Jenna Anderson DVM,Mumbai,2025-11-15,5,Tuesday,9.74,High,Bike,66,85,1.29,37,131.88,1.3,171.44
USER-90331-gMcC,Amanda Keller,Pune,2026-03-23,2,Wednesday,5.79,Low,Bike,33,183,5.55,25,84.48,2.0,168.96
USER-02843-UKuK,Jeffrey Fernandez,Pune,2026-03-23,11,Thursday,4.07,High,Bike,55,13,0.24,12,63.84,1.0,63.84
USER-64408-LVlO,Victoria Boyd,Delhi,2026-04-22,21,Saturday,26.47,Low,Sedan,38,159,4.18,75,367.64,1.6,588.22
USER-66246-lWIE,Rachel Flores,Pune,2025-11-13,0,Tuesday,22.06,Medium,SUV,76,93,1.22,79,344.72,1.3,448.14
USER-26343-vPfC,Tracy Grant,Bengaluru,2026-06-22,14,Friday,31.92,Medium,Auto,43,176,4.09,87,413.04,1.5,619.56
USER-13983-Envt,Larry Williams,Delhi,2026-08-02,15,Saturday,4.95,Medium,Auto,35,147,4.2,19,89.4,1.7,151.98
USER-38546-DIPw,Mrs. Dana Munoz MD,Pune,2025-12-08,22,Monday,33.16,Jam,SUV,58,160,2.76,107,477.92,1.9,908.05
USER-53556-cKoV,Miranda Gill,Bengaluru,2025-10-09,15,Sunday,21.93,Jam,Sedan,40,18,0.45,71,313.16,1.0,313.16
USER-37854-WFUP,David Hudson,Mumbai,2026-05-14,7,Monday,30.09,High,Bike,17,185,10.88,83,376.08,1.5,564.12
USER-80801-QdWa,Katherine Stark,Mumbai,2026-01-15,3,Sunday,33.27,Medium,Auto,63,33,0.52,101,429.24,1.0,429.24
USER-09977-baIJ,Daniel Bryant,Pune,2026-01-14,10,Saturday,9.28,High,Hatchback,21,154,7.33,31,151.36,1.6,242.18
USER-21182-pmNH,Robert Craig,Delhi,2025-11-17,7,Friday,12.17,Jam,Auto,23,162,7.04,28,176.04,2.0,352.08
USER-34101-zyyJ,Judy Sanchez,Delhi,2026-02-07,5,Saturday,4.74,Medium,Auto,8,43,5.38,14,86.88,1.8,156.38
USER-65918-conS,Unknown,Hyderabad,2026-07-07,8,Wednesday,2.78,Low,Auto,99,117,1.18,10,63.36,1.0,63.36
USER-02503-LjWT,Stephanie Elliott,Pune,2026-06-13,11,Sunday,18.45,High,Bike,18,125,6.94,52,236.4,1.9,449.16
USER-85621-GVwd,Ruben Price,Chennai,2025-09-22,21,Wednesday,18.73,Low,Sedan,63,174,2.76,66,274.76,2.0,549.52
USER-50477-owJy,Tina Sanders,Chennai,2026-01-22,13,Friday,24.33,Jam,Auto,67,192,2.87,84,321.96,1.9,611.72
USER-42626-uxgf,David Jones,Chennai,2025-08-19,4,Tuesday,3.23,High,Sedan,40,169,4.22,19,88.76,1.9,168.64
USER-88610-fwJf,Cody Cole,Bengaluru,2026-03-23,19,Tuesday,19.04,Jam,Auto,63,139,2.21,58,258.48,1.9,491.11
USER-83982-Ryki,Richard Hardy,Delhi,2025-11-23,20,Thursday,23.13,Medium,Auto,75,194,2.59,84,307.56,1.7,522.85
USER-15437-MNmD,Jason Washington,Mumbai,2025-09-25,10,Friday,29.13,Jam,Sedan,56,116,2.07,97,399.56,1.7,679.25
USER-69245-MSmE,Scott Alexander,Chennai,2025-12-10,11,Thursday,33.42,High,Sedan,92,131,1.42,73,451.04,1.1,496.14
USER-35646-xhKm,Katherine Johnston,Pune,2026-03-21,23,Friday,13.67,Low,SUV,21,152,7.24,38,244.04,1.8,439.27
USER-16724-pqQj,Robert Guerra,Pune,2026-05-05,13,Sunday,13.02,Low,SUV,90,118,1.31,44,236.24,1.4,330.74
USER-68058-MOfg,James Hunter,Chennai,2026-05-25,11,Wednesday,4.52,High,Bike,69,64,0.93,19,69.24,1.0,69.24
USER-65610-gqoG,Kristine Newman,Pune,2026-05-17,3,Monday,12.9,Medium,SUV,76,104,1.37,34,234.8,1.3,305.24
USER-82507-gsAf,Raymond Chapman,Delhi,2025-09-28,17,Saturday,34.13,Medium,Sedan,84,167,1.99,112,459.56,1.1,505.52
USER-57177-uetc,Richard Boyd,Delhi,2026-06-09,22,Thursday,10.09,High,Auto,28,79,2.82,36,151.08,2.0,302.16
USER-82825-JBDo,Tara Yang,Pune,2026-06-04,5,Tuesday,30.58,Medium,SUV,77,178,2.31,83,446.96,1.9,849.22
USER-96603-nrWT,Lucas Gonzalez,Hyderabad,2026-06-08,2,Tuesday,26.37,Low,Hatchback,32,106,3.31,76,356.44,1.6,570.3
USER-78596-NzLh,Craig Wilson,Mumbai,2025-12-22,10,Friday,27.41,Medium,Sedan,77,162,2.1,60,378.92,1.6,606.27
USER-34125-SjGy,Megan Edwards,Chennai,2026-01-17,1,Saturday,23.91,Jam,SUV,39,123,3.15,80,366.92,1.8,660.46
USER-28274-iluC,Mr. Thomas Arias,Mumbai,2026-03-31,6,Saturday,26.67,Low,SUV,19,98,5.16,76,400.04,1.8,720.07
USER-76767-FkfK,James Hoffman,Mumbai,2025-08-28,16,Monday,23.68,High,Auto,10,66,6.6,63,314.16,1.5,471.24
USER-97881-KhrX,Dylan Norman,Delhi,2026-03-03,6,Tuesday,27.09,Low,SUV,37,84,2.27,69,405.08,1.7,688.64
USER-34074-wfCh,Jeffery Fitzgerald,Chennai,2026-05-27,4,Thursday,13.93,High,Hatchback,95,68,0.72,45,207.16,1.0,207.16
USER-30958-rMIk,Luis Glover,Pune,2025-12-13,23,Friday,2.44,High,Hatchback,7,127,18.14,15,69.28,1.8,124.7
USER-12604-PiSi,Kayla Mccullough,Delhi,2025-11-16,22,Wednesday,22.76,Medium,SUV,42,39,0.93,66,353.12,1.0,353.12
USER-67116-GVrS,Mark Burton,Hyderabad,2026-07-25,19,Sunday,16.64,Jam,Sedan,93,102,1.1,38,249.68,1.0,249.68
USER-75186-nBnF,Raymond Oconnor,Chennai,2025-11-23,18,Sunday,14.62,High,Hatchback,15,111,7.4,55,215.44,1.6,344.7
USER-00170-hkCD,Samuel Kramer,Chennai,2025-08-17,2,Monday,18.36,Medium,Bike,19,145,7.63,57,235.32,1.7,400.04
USER-15415-QPkd,Shannon Mcdowell,Pune,2026-01-09,20,Monday,28.71,Medium,SUV,35,36,1.03,68,424.52,1.0,424.52
USER-12938-RCaa,Brandon Lewis,Pune,2026-04-28,4,Saturday,26.85,Jam,Bike,88,29,0.33,69,337.2,1.0,337.2
USER-11554-iyXW,James Cross,Hyderabad,2026-07-02,18,Monday,26.84,Medium,Auto,62,184,2.97,97,352.08,1.9,668.95
USER-53269-RCnf,Lisa Martin,Chennai,2026-07-10,4,Monday,15.95,Low,Hatchback,65,123,1.89,53,231.4,1.3,300.82
USER-23413-JMMU,Victor Edwards,Pune,2026-03-27,2,Monday,11.55,Low,Sedan,62,19,0.31,30,188.6,1.0,188.6
USER-40376-hpFO,Katrina Adkins,Mumbai,2026-03-22,2,Wednesday,21.91,Low,Sedan,69,108,1.57,69,312.92,1.4,438.09
USER-58271-bLea,Scott Carroll,Delhi,2025-11-21,1,Monday,16.29,Low,SUV,78,176,2.26,46,275.48,1.8,495.86
USER-66188-Njrf,Micheal Wang,Chennai,2025-12-08,14,Tuesday,4.52,Medium,Bike,48,192,4.0,13,69.24,1.5,103.86
USER-14630-pfBh,Kevin Hines,Chennai,2026-01-30,14,Wednesday,18.82,High,Bike,83,50,0.6,53,240.84,1.0,240.84
USER-75884-kxiV,Chad Smith,Bengaluru,2026-05-29,10,Thursday,24.08,Low,Auto,11,171,15.55,74,318.96,1.7,542.23
USER-91778-xdFK,Denise Brown,Delhi,2025-10-17,12,Tuesday,10.66,Low,Hatchback,97,178,1.84,40,167.92,1.2,201.5
USER-00307-xyjl,Crystal Hicks,Pune,2026-07-23,4,Monday,32.17,Jam,Bike,44,177,4.02,106,401.04,1.6,641.66
USER-19518-Rdlo,Thomas Flores,Delhi,2026-06-07,2,Tuesday,11.53,Jam,Auto,53,174,3.28,40,168.36,1.8,303.05
USER-18705-msKY,Patricia Collins,Hyderabad,2025-12-06,23,Wednesday,34.9,Jam,Sedan,72,33,0.46,111,468.8,1.0,468.8
USER-83206-boIw,Yolanda Parsons,Chennai,2026-04-06,0,Wednesday,13.33,Low,Sedan,28,64,2.29,42,209.96,1.6,335.94
USER-41383-AFdj,Jamie Rojas,Bengaluru,2026-05-04,4,Wednesday,3.62,Medium,Hatchback,17,139,8.18,21,83.44,1.5,125.16
USER-19182-OzeL,Jacqueline Villegas,Hyderabad,2026-03-12,19,Friday,5.46,Medium,Bike,53,49,0.92,16,80.52,1.0,80.52
USER-55743-emiX,Ethan Owen,Delhi,2026-05-25,1,Wednesday,14.97,Low,Bike,91,194,2.13,44,194.64,1.8,350.35
USER-37474-hfkZ,Jason Herrera,Hyderabad,2026-04-25,14,Monday,8.96,Low,Bike,35,89,2.54,39,122.52,2.0,245.04
USER-68044-lbzC,Michael Schmitt,Delhi,2026-03-08,21,Sunday,33.2,Low,SUV,61,128,2.1,112,478.4,1.8,861.12
USER-32365-ROPf,Brenda Smith,Bengaluru,2026-03-18,5,Tuesday,28.77,Low,Auto,82,45,0.55,97,375.24,1.0,375.24
USER-15107-dkKB,Matthew Lamb,Bengaluru,2026-06-13,11,Thursday,19.85,Low,SUV,18,192,10.67,67,318.2,1.6,509.12
USER-44720-NNNp,Hector Odonnell,Pune,2026-04-10,8,Thursday,16.28,Jam,Auto,70,47,0.67,55,225.36,1.0,225.36
USER-83806-YTwE,Chad Gonzalez,Bengaluru,2026-03-04,7,Thursday,28.77,High,SUV,49,16,0.33,83,425.24,1.0,425.24
USER-40785-XLok,Francis Robinson,Delhi,2025-09-23,7,Tuesday,14.13,High,Hatchback,15,105,7.0,40,209.56,2.0,419.12
USER-65223-LuZV,Zachary Robinson,Pune,2026-04-29,20,Sunday,12.4,Low,Sedan,23,45,1.96,34,198.8,1.3,258.44
USER-78427-cfdo,Kristine Lopez,Chennai,2026-03-25,22,Wednesday,16.95,Jam,Auto,83,11,0.13,58,233.4,1.0,233.4
USER-25002-LTjX,Christina Anderson,Delhi,2025-09-27,4,Thursday,19.66,High,Auto,98,165,1.68,57,265.92,1.3,345.7
USER-54522-UBYO,Mary Willis,Delhi,2026-08-03,3,Thursday,2.62,Medium,Hatchback,58,173,2.98,17,71.44,1.5,107.16
USER-92644-ilUa,Lisa Kelly,Pune,2026-07-30,15,Thursday,21.29,Jam,Hatchback,7,171,24.43,64,295.48,1.9,561.41
USER-93917-jvVe,Evan Lamb,Bengaluru,2025-11-12,0,Monday,21.9,Medium,Auto,35,156,4.46,60,292.8,1.8,527.04
USER-04331-wqYg,Monica Rogers,Pune,2026-05-07,16,Friday,19.5,Jam,SUV,69,151,2.19,48,314.0,1.5,471.0
USER-86179-PWRo,Katherine Gray,Mumbai,2025-10-15,11,Tuesday,9.62,Low,Sedan,7,101,14.43,37,165.44,1.6,264.7
USER-26218-fvMN,Trevor Jones,Bengaluru,2026-07-09,3,Monday,27.23,Jam,Bike,99,95,0.96,66,341.76,1.0,341.76
USER-33688-qQst,Brooke Garcia,Chennai,2025-11-12,20,Monday,6.95,Jam,Bike,92,128,1.39,33,98.4,1.3,127.92
USER-97310-nkOs,Jeffrey Phillips,Bengaluru,2026-08-09,2,Friday,25.35,Low,Sedan,63,19,0.3,63,354.2,1.0,354.2
USER-86256-xlCc,Steven Baker,Hyderabad,2025-11-21,1,Thursday,11.73,Medium,Sedan,44,141,3.2,40,190.76,1.7,324.29
USER-15869-oJdy,Paul Contreras,Chennai,2026-06-12,20,Wednesday,7.5,Jam,Hatchback,50,22,0.44,31,130.0,1.0,130.0
USER-08989-RNjh,Blake Orr,Mumbai,2026-07-30,11,Tuesday,15.86,Medium,Bike,56,200,3.57,50,205.32,1.7,349.04
USER-63294-uUZe,Jay Mcneil,Mumbai,2025-09-18,22,Wednesday,17.92,High,Sedan,71,78,1.1,65,265.04,1.0,265.04
USER-99861-AjjK,Shane Buchanan,Chennai,2026-03-20,19,Tuesday,34.83,Low,Auto,28,149,5.32,88,447.96,1.5,671.94
USER-56467-KMEc,Rachel Dillon,Chennai,2025-10-19,9,Monday,16.16,Jam,Auto,96,119,1.24,45,223.92,1.2,268.7
USER-74505-Yttr,Erin Young,Hyderabad,2026-06-21,11,Tuesday,21.9,Low,Bike,60,80,1.33,66,277.8,1.1,305.58
USER-54691-mCnA,Patrick Schroeder,Mumbai,2026-05-15,11,Thursday,18.44,High,Auto,100,183,1.83,43,251.28,1.1,276.41
USER-62890-lmmd,Ana Mckinney,Chennai,2025-11-16,14,Monday,2.18,High,Bike,13,70,5.38,13,41.16,1.7,69.97
USER-10357-MClE,John Sanders,Delhi,2026-03-19,1,Saturday,21.57,Medium,Sedan,91,125,1.37,80,308.84,1.2,370.61
USER-02933-PoRn,Ann Johnson,Pune,2025-11-23,4,Wednesday,19.0,Low,Auto,55,90,1.64,61,258.0,1.4,361.2
USER-03494-TTPr,Maria Burke,Hyderabad,2026-01-19,5,Saturday,17.97,High,SUV,54,153,2.83,45,295.64,1.9,561.72
USER-96910-GQxJ,Eric Meyer,Delhi,2026-04-10,19,Sunday,10.71,High,Auto,67,61,0.91,26,158.52,1.0,158.52
USER-44432-HWpd,William Davidson,Hyderabad,2026-06-07,22,Tuesday,16.13,Jam,Sedan,16,184,11.5,62,243.56,1.8,438.41
USER-44666-VcLT,Alexander Jimenez,Pune,2026-08-15,17,Thursday,19.43,High,Bike,43,50,1.16,63,248.16,1.0,248.16
USER-58428-lsgE,Rachel Knox,Pune,2025-10-03,16,Friday,8.62,Medium,Sedan,30,45,1.5,29,153.44,1.1,168.78
USER-46554-LsDh,Henry Garner,Pune,2026-02-05,11,Wednesday,16.89,Low,SUV,75,43,0.57,52,282.68,1.0,282.68
USER-46022-mvAK,Sharon James,Mumbai,2026-07-09,12,Friday,34.99,Medium,Sedan,97,132,1.36,105,469.88,1.3,610.84
USER-25007-rnWX,Bobby Cook,Pune,2025-10-18,10,Tuesday,22.84,Jam,Auto,62,129,2.08,75,304.08,1.6,486.53
USER-76008-mUxa,Madeline Powell,Mumbai,2026-07-09,17,Friday,22.75,Medium,Auto,28,43,1.54,62,303.0,1.3,393.9
USER-54216-GLtk,Nicholas Perez,Pune,2025-09-10,9,Thursday,6.6,High,SUV,46,191,4.15,25,159.2,1.9,302.48
USER-25753-kZzb,Kelly Hamilton,Pune,2025-11-08,8,Sunday,7.67,Medium,Bike,75,80,1.07,22,107.04,1.0,107.04
USER-06489-dMdQ,Jonathan Martinez,Pune,2025-09-25,2,Sunday,18.09,Low,Auto,26,161,6.19,65,247.08,1.6,395.33
USER-23046-QgQH,Caleb King,Hyderabad,2025-11-24,19,Sunday,12.48,Medium,SUV,77,20,0.26,42,229.76,1.0,229.76
USER-17393-XqHm,Lisa Campbell,Bengaluru,2025-12-26,20,Monday,27.21,Medium,Auto,38,176,4.63,71,356.52,1.8,641.74
USER-00119-QFjf,Daniel Fitzpatrick MD,Chennai,2026-05-29,20,Tuesday,19.55,Low,Sedan,87,87,1.0,61,284.6,1.0,284.6
USER-70120-sxZR,William Phillips,Pune,2025-12-09,2,Friday,24.41,Low,Auto,25,122,4.88,73,322.92,1.6,516.67
USER-57941-xvlh,Mary Jackson,Bengaluru,2026-01-10,10,Saturday,30.29,High,SUV,45,197,4.38,112,443.48,2.0,886.96
USER-21202-gALE,Rebecca Banks,Pune,2026-06-06,11,Sunday,18.51,Medium,Hatchback,18,91,5.06,46,262.12,1.6,419.39
USER-27716-Cceq,Lisa Huffman,Hyderabad,2026-04-13,3,Sunday,2.72,Medium,Sedan,54,167,3.09,11,82.64,1.9,157.02
USER-37562-JNda,Mercedes Davis,Chennai,2026-04-09,23,Monday,11.63,Jam,SUV,25,137,5.48,49,219.56,1.7,373.25
USER-40838-Pyzp,John Allen,Mumbai,2025-09-15,0,Sunday,4.06,Jam,Auto,55,139,2.53,15,78.72,1.6,125.95
USER-01660-JJaf,Bryan Jimenez,Hyderabad,2026-06-02,1,Wednesday,10.57,High,Hatchback,81,177,2.19,37,166.84,1.8,300.31
USER-50375-JXNM,Michael Clements,Chennai,2026-02-06,13,Tuesday,5.55,Jam,Auto,38,196,5.16,22,96.6,1.7,164.22
USER-48851-ckFi,Courtney Peterson,Bengaluru,2026-06-13,18,Wednesday,20.1,Jam,Auto,51,151,2.96,56,271.2,1.8,488.16
USER-63735-gWAc,Chelsea Conrad,Delhi,2026-07-21,8,Sunday,29.06,Low,SUV,84,184,2.19,88,428.72,2.0,857.44
USER-70808-BLEG,Tina Taylor,Hyderabad,2026-05-29,10,Saturday,19.97,Medium,Bike,51,46,0.9,55,254.64,1.0,254.64
USER-86693-rzvs,Kyle Andrade,Bengaluru,2026-01-29,1,Thursday,2.54,Jam,Hatchback,22,192,8.73,15,70.48,1.8,126.86
USER-85833-nNTs,Kayla Cameron,Pune,2026-04-25,16,Tuesday,5.75,Medium,Bike,83,91,1.1,18,84.0,1.0,84.0
USER-58799-QTAR,Mallory Page,Chennai,2026-05-17,16,Thursday,29.16,High,SUV,73,135,1.85,95,429.92,1.2,515.9
USER-81062-dQdm,Unknown,Bengaluru,2025-11-23,10,Wednesday,23.91,High,Sedan,58,159,2.74,60,336.92,1.8,606.46
USER-80571-NRVJ,Melissa Phillips,Mumbai,2026-06-29,20,Monday,27.62,Jam,Bike,79,157,1.99,66,346.44,1.3,450.37
USER-06665-JdaV,Rebecca Roberts,Chennai,2025-11-17,20,Sunday,25.52,Jam,Bike,53,47,0.89,87,321.24,1.0,321.24
USER-89334-ClRe,Maria Fischer,Pune,2025-10-24,22,Sunday,4.74,Low,SUV,7,122,17.43,15,136.88,1.7,232.7
USER-94057-Tjcj,Justin Anderson,Bengaluru,2026-07-22,16,Monday,27.35,High,SUV,65,198,3.05,88,408.2,1.8,734.76
USER-83281-YGkA,Angel Zimmerman,Chennai,2026-03-03,21,Wednesday,17.26,High,Bike,53,90,1.7,68,222.12,1.4,310.97
USER-98780-hQwC,Erin Carter,Mumbai,2025-11-13,11,Monday,23.98,Medium,Auto,97,184,1.9,77,317.76,1.3,413.09
USER-16484-bHXx,Jane Hogan,Pune,2026-02-21,7,Friday,10.49,Jam,Auto,43,67,1.56,41,155.88,1.3,202.64
USER-12880-OenQ,Cheryl Palmer,Delhi,2026-04-04,22,Wednesday,24.97,Jam,Auto,45,132,2.93,69,329.64,1.6,527.42
USER-61207-Tvcf,Michele Cherry,Mumbai,2025-09-13,17,Wednesday,13.91,High,Hatchback,55,98,1.78,51,206.92,1.2,248.3
USER-67665-byRh,Crystal Green,Bengaluru,2026-02-28,22,Friday,3.69,Low,Hatchback,61,177,2.9,17,84.28,1.6,134.85
USER-14491-sWCy,Angel Reilly,Bengaluru,2026-01-08,8,Friday,32.72,Jam,Bike,94,79,0.84,77,407.64,1.0,407.64
USER-84245-aJJj,Paul Robles,Chennai,2025-10-01,21,Wednesday,31.78,Jam,Hatchback,33,173,5.24,77,421.36,1.7,716.31
USER-53682-kloN,Elizabeth Goodman,Chennai,2026-06-18,3,Friday,24.16,Medium,Hatchback,22,11,0.5,87,329.92,1.0,329.92
USER-78141-qgmU,Tara Gamble,Bengaluru,2026-03-17,15,Sunday,17.23,High,Bike,30,83,2.77,44,221.76,2.0,443.52
USER-35775-NQtS,Ariel Harvey,Pune,2026-03-18,18,Thursday,8.9,High,Sedan,99,195,1.97,31,156.8,1.4,219.52
USER-64525-EDCw,Erik Floyd,Hyderabad,2026-05-27,5,Tuesday,32.75,Low,Bike,9,111,12.33,108,408.0,2.0,816.0
USER-28341-UebG,Sarah Trevino,Pune,2026-04-05,9,Thursday,30.81,Jam,Hatchback,6,86,14.33,90,409.72,2.0,819.44
USER-87256-oXLU,Kristen Stephens,Mumbai,2026-06-26,14,Monday,34.63,Low,SUV,74,144,1.95,98,495.56,1.4,693.78
USER-92827-klKK,Mary Charles,Delhi,2026-04-15,6,Saturday,28.5,Jam,Sedan,47,51,1.09,94,392.0,1.0,392.0
USER-53038-YxyE,John Brown,Bengaluru,2026-07-18,0,Monday,26.05,Low,Sedan,42,155,3.69,83,362.6,1.6,580.16
USER-49892-yPyx,Kelly Gallegos,Bengaluru,2026-03-20,12,Wednesday,29.12,Low,Hatchback,70,93,1.33,65,389.44,1.2,467.33
USER-55779-aGiC,Terry Black,Delhi,2025-10-16,10,Tuesday,32.82,High,Bike,5,76,15.2,93,408.84,1.9,776.8
USER-13651-EREE,Jack Love,Mumbai,2025-11-02,9,Sunday,20.8,Jam,Auto,78,12,0.15,56,279.6,1.0,279.6
USER-80920-kqlH,Kenneth Martin,Mumbai,2026-08-02,1,Wednesday,23.7,Low,Sedan,64,88,1.38,63,334.4,1.4,468.16
USER-72369-jYLX,Lawrence Ruiz,Bengaluru,2025-10-22,9,Thursday,24.47,High,Bike,86,85,0.99,67,308.64,1.0,308.64
USER-13662-gbmH,Tammy Carlson,Pune,2026-06-27,4,Friday,17.26,Jam,Bike,63,165,2.62,54,222.12,2.0,444.24
USER-08811-EQiM,John Mendez,Chennai,2026-03-02,21,Sunday,29.07,Jam,Hatchback,36,184,5.11,94,388.84,1.8,699.91
USER-37659-ZVWS,Andrew Moreno,Hyderabad,2026-03-15,11,Friday,3.66,High,SUV,77,38,0.49,17,123.92,1.0,123.92
USER-86430-TVYa,Angela George,Mumbai,2026-03-16,6,Friday,20.47,Low,SUV,24,52,2.17,61,325.64,1.7,553.59
USER-12694-qIBK,Robert Ortiz,Pune,2025-12-29,22,Friday,20.83,Jam,Bike,16,140,8.75,57,264.96,1.7,450.43
USER-88744-KwXT,Kristin White,Hyderabad,2026-01-09,14,Wednesday,20.17,Low,Bike,76,128,1.68,66,257.04,1.3,334.15
USER-86589-SRTd,Tiffany Garcia,Hyderabad,2025-10-15,0,Wednesday,26.36,Low,Auto,79,28,0.35,61,346.32,1.0,346.32
USER-43519-cUyz,Kyle Davis,Mumbai,2026-03-29,17,Saturday,34.8,Low,Bike,13,130,10.0,79,432.6,1.6,692.16
USER-84309-GHSo,Adam Jefferson DVM,Pune,2026-03-30,20,Sunday,34.26,High,Bike,87,117,1.34,95,426.12,1.2,511.34
USER-65669-mHaV,Christopher Shea,Pune,2026-05-01,12,Wednesday,13.77,High,Hatchback,92,179,1.95,49,205.24,1.3,266.81
USER-93769-aqlA,Victor Hill,Chennai,2026-02-18,5,Monday,34.76,High,Sedan,55,145,2.64,81,467.12,1.9,887.53
USER-94769-EXpW,Tina Walter,Bengaluru,2025-12-19,9,Monday,16.74,Jam,Hatchback,97,149,1.54,52,240.88,1.3,313.14
USER-33565-HIaS,Mr. James Kramer,Bengaluru,2026-06-17,11,Sunday,6.27,Low,SUV,29,195,6.72,21,155.24,1.9,294.96
USER-27553-KrlV,Gloria Spencer,Pune,2026-04-23,0,Sunday,9.18,Jam,Bike,13,35,2.69,35,125.16,1.8,225.29
USER-33952-Xghf,Shelley Clark,Mumbai,2026-04-21,1,Friday,9.32,Low,Hatchback,10,112,11.2,34,151.84,1.6,242.94
USER-94728-rzoW,Jacqueline Stewart,Bengaluru,2026-03-16,1,Wednesday,5.76,Jam,SUV,42,69,1.64,25,149.12,1.3,193.86
USER-27187-uSaa,Gregory Dalton,Chennai,2026-04-20,10,Thursday,9.05,Low,Sedan,23,179,7.78,33,158.6,1.7,269.62
USER-34795-xlFB,Debbie Dunn,Delhi,2025-11-02,18,Saturday,30.91,High,Sedan,27,170,6.3,103,420.92,1.7,715.56
USER-93143-JBym,Christopher Anderson,Hyderabad,2025-10-09,20,Wednesday,23.83,Medium,SUV,72,91,1.26,80,365.96,1.1,402.56
USER-88574-qJKd,Jonathan Cowan,Bengaluru,2026-01-10,17,Saturday,17.1,Low,Bike,33,86,2.61,60,220.2,1.9,418.38
USER-54558-JZqw,Mark Cole,Delhi,2025-08-24,17,Friday,15.03,Medium,Hatchback,58,152,2.62,50,220.36,1.6,352.58
USER-45587-XVCf,Kimberly Krause,Chennai,2026-01-03,20,Monday,3.69,Medium,Bike,62,104,1.68,12,59.28,1.1,65.21
USER-96112-vouu,Gail Welch,Pune,2026-04-12,19,Thursday,21.5,Jam,Sedan,14,58,4.14,78,308.0,1.6,492.8
USER-87622-biUp,Teresa Adkins,Hyderabad,2026-04-16,10,Monday,11.31,Low,Bike,6,64,10.67,41,150.72,1.9,286.37
USER-78006-HWfg,Brendan Zuniga,Mumbai,2025-11-21,7,Tuesday,24.65,Jam,Sedan,95,62,0.65,68,345.8,1.0,345.8
USER-28200-QwuE,Duane Sims,Mumbai,2026-02-04,9,Friday,13.94,High,Hatchback,73,176,2.41,41,207.28,1.7,352.38
USER-99796-HOOI,Travis Ryan,Hyderabad,2025-12-08,14,Tuesday,4.35,Medium,Auto,97,130,1.34,20,82.2,1.4,115.08
USER-00825-sEIa,Jason Moore,Hyderabad,2026-04-25,13,Sunday,2.55,Jam,Sedan,33,199,6.03,11,80.6,1.8,145.08
USER-08536-JBzp,Rebecca Harper,Bengaluru,2025-10-16,23,Wednesday,15.2,Jam,SUV,24,60,2.5,45,262.4,1.8,472.32
USER-94484-Amel,Jay Allen,Mumbai,2025-10-06,17,Thursday,23.26,Jam,Hatchback,92,96,1.04,64,319.12,1.0,319.12
USER-02080-lgsr,Marcus Lopez,Hyderabad,2025-10-02,20,Saturday,26.15,Low,Bike,63,53,0.84,88,328.8,1.0,328.8
USER-47570-vfWj,Johnny Peterson,Bengaluru,2025-09-06,23,Tuesday,19.58,Low,Hatchback,28,148,5.29,70,274.96,1.8,494.93
USER-60136-XCpV,Steven Wright,Hyderabad,2026-08-15,2,Sunday,33.14,Low,Hatchback,90,22,0.24,112,437.68,1.0,437.68
USER-52088-hqEO,Mrs. Melanie Collins,Pune,2025-12-04,20,Wednesday,8.87,Low,Bike,95,48,0.51,27,121.44,1.0,121.44
USER-49163-acLY,Jeffrey Smith,Bengaluru,2026-04-26,1,Thursday,22.01,Medium,Sedan,90,167,1.86,83,314.12,1.1,345.53
USER-50052-SIYg,Jonathan Parks,Bengaluru,2025-10-02,13,Sunday,1.4,High,SUV,72,194,2.69,9,96.8,1.5,145.2
USER-24077-JsIS,Michael Howard,Pune,2026-02-12,21,Saturday,15.64,High,Sedan,27,37,1.37,62,237.68,1.1,261.45
USER-82182-CsqI,Sean George,Pune,2025-12-29,16,Thursday,9.58,Jam,Bike,50,78,1.56,33,129.96,1.2,155.95
USER-51863-HRFX,Helen Oliver,Bengaluru,2026-03-06,18,Saturday,9.27,High,SUV,94,67,0.71,25,191.24,1.0,191.24
USER-02203-gFmg,Brent Hopkins,Pune,2025-08-29,20,Friday,26.83,Jam,SUV,16,113,7.06,78,401.96,1.7,683.33
USER-39103-PFfD,Leslie Williams,Chennai,2026-06-06,22,Saturday,6.83,Jam,Sedan,68,121,1.78,27,131.96,1.3,171.55
USER-14138-ggUo,Luis Rice,Pune,2026-02-27,3,Tuesday,31.42,Medium,Hatchback,10,68,6.8,81,417.04,1.6,667.26
USER-19576-gkYl,Kristin Grant,Pune,2026-03-06,21,Friday,32.47,Medium,Hatchback,74,154,2.08,100,429.64,2.0,859.28
USER-55665-MpKI,Harold Edwards,Chennai,2025-11-03,6,Saturday,20.96,High,Sedan,96,111,1.16,77,301.52,1.0,301.52
USER-49082-tato,James Barber,Hyderabad,2025-11-03,7,Sunday,20.27,High,Hatchback,54,183,3.39,74,283.24,1.7,481.51
USER-07522-qxLp,Tammy Moore,Chennai,2025-11-10,22,Sunday,25.62,Low,Hatchback,69,200,2.9,90,347.44,1.5,521.16
USER-57279-gMPt,Claudia Jones,Hyderabad,2025-08-31,2,Saturday,12.58,Jam,Auto,83,162,1.95,39,180.96,1.1,199.06
USER-66139-aOXO,Felicia Hobbs,Bengaluru,2026-01-04,14,Sunday,17.68,Low,Sedan,50,151,3.02,68,262.16,1.6,419.46
USER-20679-KGfo,Erin Wolfe,Chennai,2026-01-22,12,Sunday,3.91,Medium,Bike,84,85,1.01,15,61.92,1.0,61.92
USER-64168-BXSi,Kenneth Williams,Delhi,2026-05-22,4,Wednesday,13.92,Medium,SUV,86,49,0.57,50,247.04,1.0,247.04
USER-83314-XBuR,Christina Gilbert,Hyderabad,2026-07-21,2,Tuesday,1.18,Jam,SUV,44,123,2.8,8,94.16,1.6,150.66
USER-04259-ZCNj,Frank Wheeler,Delhi,2026-01-25,13,Tuesday,16.26,Medium,Bike,76,141,1.86,44,210.12,1.1,231.13
USER-10392-savS,Peter Farrell,Pune,2026-06-07,19,Sunday,21.33,Jam,Auto,46,108,2.35,51,285.96,1.7,486.13
USER-84879-UjSS,Joshua Harris,Delhi,2026-04-18,17,Tuesday,31.78,Low,Sedan,36,156,4.33,96,431.36,1.6,690.18
USER-40701-yQrQ,Curtis Horton,Mumbai,2026-06-24,8,Saturday,17.77,Low,Auto,13,52,4.0,55,243.24,1.6,389.18
USER-68157-MIfl,Marie Hall,Delhi,2025-10-29,11,Sunday,9.56,Low,Auto,36,194,5.39,33,144.72,1.7,246.02
USER-20555-OtpG,Elizabeth Burns,Mumbai,2025-11-26,0,Friday,33.26,High,SUV,47,168,3.57,92,479.12,1.7,814.5
USER-56216-HRNO,Tiffany Perez,Bengaluru,2026-04-25,20,Thursday,34.12,Medium,SUV,22,86,3.91,89,489.44,1.7,832.05
USER-32983-itST,Erin Daniels,Delhi,2026-07-11,12,Sunday,33.94,Jam,Bike,42,198,4.71,112,422.28,2.0,844.56
USER-88125-jUbW,Sylvia Stewart,Pune,2025-12-11,10,Monday,13.79,Jam,Sedan,55,103,1.87,34,215.48,1.3,280.12
USER-42312-lbWN,Samantha Walsh,Hyderabad,2026-03-30,21,Saturday,27.1,Medium,Hatchback,8,196,24.5,77,365.2,1.7,620.84
USER-72897-TPxl,Alexander Miller,Mumbai,2026-06-24,22,Thursday,3.35,Medium,Bike,57,182,3.19,15,55.2,1.6,88.32
USER-46333-elCN,Jason Novak,Mumbai,2026-02-12,22,Wednesday,15.39,Jam,Bike,53,28,0.53,50,199.68,1.0,199.68
USER-65699-MIHP,Andrew Moss,Hyderabad,2026-07-03,17,Thursday,18.22,Low,SUV,93,117,1.26,58,298.64,1.3,388.23
USER-88608-yHWO,Amanda Forbes,Hyderabad,2026-08-04,19,Wednesday,22.7,Jam,SUV,15,37,2.47,78,352.4,1.6,563.84
USER-49082-DPCf,Donna Jackson,Delhi,2026-05-08,18,Saturday,34.44,Medium,SUV,91,175,1.92,96,493.28,1.4,690.59
USER-37145-SPTY,Alexander Chavez,Hyderabad,2025-10-16,0,Sunday,4.35,Low,Auto,33,140,4.24,23,82.2,1.8,147.96
USER-68926-JycX,Jack Mills,Pune,2025-10-18,14,Saturday,13.72,Medium,Bike,64,183,2.86,49,179.64,1.6,287.42
USER-47421-imaN,Michael Barnes,Mumbai,2026-05-24,15,Thursday,4.55,Jam,SUV,58,31,0.53,13,134.6,1.0,134.6
USER-39776-CfMM,Lisa Snyder,Chennai,2025-08-19,10,Sunday,16.48,High,Hatchback,31,143,4.61,53,237.76,1.5,356.64
USER-20502-cQKM,Samantha Williams,Pune,2025-12-04,14,Sunday,11.84,Low,Auto,43,21,0.49,41,172.08,1.0,172.08
USER-99827-VLxc,Candace Mitchell DDS,Hyderabad,2025-09-20,10,Saturday,23.03,High,SUV,91,52,0.57,83,356.36,1.0,356.36
USER-72145-HAHn,Sarah Brown,Bengaluru,2026-04-28,17,Saturday,6.44,Low,Hatchback,76,119,1.57,27,117.28,1.3,152.46
USER-94695-qHKN,Kendra Miller,Pune,2025-12-24,5,Friday,22.78,Jam,Hatchback,60,111,1.85,51,313.36,1.2,376.03
USER-93430-hbDO,Katherine White,Pune,2026-06-04,0,Wednesday,24.96,Medium,Hatchback,31,81,2.61,81,339.52,1.8,611.14
USER-30344-Yett,Gene Castro,Hyderabad,2026-02-18,17,Thursday,7.36,Low,Auto,46,60,1.3,25,118.32,1.3,153.82
USER-02355-REEZ,James Carroll,Pune,2025-08-30,20,Thursday,11.66,Medium,SUV,54,166,3.07,33,219.92,1.7,373.86
USER-08495-JIbn,Julia Olsen,Chennai,2026-03-16,19,Thursday,6.87,High,Auto,91,190,2.09,24,112.44,1.8,202.39
USER-82996-lMhY,Andre Terrell,Mumbai,2026-05-18,7,Tuesday,11.38,High,Auto,28,105,3.75,44,166.56,1.7,283.15
USER-74384-lhxY,Jonathan Young,Delhi,2025-08-31,18,Thursday,14.05,Low,SUV,28,134,4.79,45,248.6,1.8,447.48
USER-35784-XujX,John Porter,Chennai,2026-07-01,4,Friday,7.36,Medium,Bike,62,168,2.71,22,103.32,2.0,206.64
USER-10409-fvDc,James Hancock,Pune,2025-09-24,6,Tuesday,28.72,High,Auto,76,139,1.83,93,374.64,1.3,487.03
USER-33448-uXCQ,Margaret Clark,Chennai,2025-09-29,14,Friday,17.62,High,Auto,15,154,10.27,41,241.44,1.6,386.3
USER-85854-jTZs,Kristin Garcia,Bengaluru,2026-03-15,17,Thursday,10.81,High,Hatchback,63,154,2.44,42,169.72,1.8,305.5
USER-01601-BzlT,Amber Johnson,Delhi,2026-03-23,3,Saturday,10.11,Jam,Hatchback,74,103,1.39,30,161.32,1.3,209.72
USER-81792-fZSD,Robert Marquez,Delhi,2025-09-22,6,Thursday,34.65,Jam,SUV,18,198,11.0,117,495.8,1.6,793.28
USER-45625-YuDF,Briana Huang,Mumbai,2025-08-28,14,Sunday,9.94,High,SUV,16,122,7.62,35,199.28,1.9,378.63
USER-92816-TYgu,Diane Bailey,Hyderabad,2026-03-08,23,Sunday,20.99,High,Hatchback,49,191,3.9,69,291.88,1.6,467.01
USER-82761-vnSL,Jason Oliver,Hyderabad,2026-01-21,6,Friday,28.66,High,Hatchback,12,155,12.92,78,383.92,1.8,691.06
USER-97199-DuJg,Matthew Miller,Pune,2026-06-13,22,Sunday,10.95,Jam,Auto,78,78,1.0,47,161.4,1.0,161.4
USER-65701-niLW,Robert Wise,Chennai,2026-04-06,21,Sunday,28.72,Medium,Bike,22,115,5.23,103,359.64,1.9,683.32
USER-33549-YRtB,Jean Lane,Hyderabad,2026-05-06,4,Wednesday,9.49,Low,Hatchback,96,92,0.96,38,153.88,1.0,153.88
USER-40580-aTJw,Kayla Abbott,Bengaluru,2025-09-26,18,Tuesday,22.5,Low,Bike,85,116,1.36,60,285.0,1.3,370.5
USER-66668-nQlE,Jennifer Flores,Hyderabad,2025-10-07,2,Thursday,14.7,High,SUV,100,81,0.81,51,256.4,1.0,256.4
USER-01027-QBif,Shane Martinez,Mumbai,2025-10-06,15,Saturday,12.13,Jam,Hatchback,5,197,39.4,34,185.56,1.8,334.01
USER-76532-BMaK,Jordan Coleman,Hyderabad,2026-02-15,2,Monday,28.05,High,SUV,55,65,1.18,101,416.6,1.0,416.6
USER-75197-SfjU,Amanda Johnson,Chennai,2026-05-11,10,Friday,29.16,High,SUV,48,150,3.12,92,429.92,1.9,816.85
USER-71894-NdvI,Steve Davis,Chennai,2026-05-28,1,Saturday,2.56,Jam,Hatchback,85,127,1.49,9,70.72,1.2,84.86
USER-56544-kcSM,Unknown,Pune,2026-05-18,13,Wednesday,7.88,High,Auto,93,43,0.46,32,124.56,1.0,124.56
USER-49047-fiGe,Christopher Williams,Pune,2026-06-24,8,Wednesday,4.17,Medium,Hatchback,51,74,1.45,12,90.04,1.1,99.04
USER-92927-xZlq,David Figueroa,Delhi,2026-05-30,23,Wednesday,24.78,Medium,Hatchback,34,119,3.5,76,337.36,1.5,506.04
USER-27663-QCUO,Bradley Thomas,Bengaluru,2025-10-17,4,Thursday,21.19,High,Auto,71,184,2.59,58,284.28,1.8,511.7
USER-76747-VWIo,Robert Williams,Pune,2026-01-03,13,Tuesday,24.6,Jam,Sedan,66,28,0.42,60,345.2,1.0,345.2
USER-76580-gIOw,Jessica Roberts,Mumbai,2026-08-01,3,Tuesday,4.51,High,Sedan,52,86,1.65,13,104.12,1.3,135.36
USER-67393-HvRS,Brett Pena,Delhi,2026-08-15,2,Monday,19.04,Low,Auto,6,166,27.67,65,258.48,1.7,439.42
USER-75344-mcbN,Brent Garcia,Bengaluru,2025-09-20,23,Wednesday,6.15,Medium,Hatchback,57,167,2.93,23,113.8,1.5,170.7
USER-92692-hSlq,Tyler Miller,Pune,2025-12-03,3,Sunday,21.05,Low,SUV,54,99,1.83,79,332.6,1.3,432.38
USER-54214-Xdyy,Melissa Contreras,Delhi,2025-12-16,20,Sunday,3.86,High,Bike,75,163,2.17,17,61.32,1.9,116.51
USER-62712-IXBn,William Gonzalez,Hyderabad,2026-03-29,21,Wednesday,30.78,Jam,Sedan,31,142,4.58,94,419.36,1.9,796.78
USER-70720-cQyr,Benjamin Luna,Bengaluru,2025-10-11,1,Sunday,27.65,Jam,Hatchback,35,136,3.89,76,371.8,1.7,632.06
USER-66183-aySX,Teresa Henry,Bengaluru,2026-02-09,16,Thursday,31.22,High,Sedan,6,102,17.0,110,424.64,1.7,721.89
USER-15851-DWXs,Anthony Shea,Pune,2026-04-11,13,Tuesday,13.42,Low,SUV,92,54,0.59,45,241.04,1.0,241.04
USER-34615-FfOC,Unknown,Pune,2026-05-13,2,Sunday,1.47,Medium,Auto,32,20,0.62,12,47.64,1.0,47.64
USER-47870-cvdv,Cynthia Price PhD,Pune,2026-06-01,20,Sunday,25.23,Low,Bike,58,118,2.03,80,317.76,1.8,571.97
USER-82931-cVjF,Judy Gregory,Pune,2026-04-13,4,Saturday,10.43,Low,Bike,44,30,0.68,33,140.16,1.0,140.16
USER-41792-Legh,Alexis Chen,Pune,2026-02-15,4,Saturday,19.24,Medium,Auto,55,160,2.91,59,260.88,1.7,443.5
USER-65198-iuYn,Robert Hendrix,Mumbai,2026-05-23,7,Saturday,2.97,High,Auto,16,121,7.56,8,65.64,1.7,111.59
USER-58273-Lcig,Peter Jackson,Bengaluru,2026-06-02,23,Wednesday,6.97,Jam,Bike,6,191,31.83,17,98.64,1.6,157.82
USER-19467-Sinj,Angela Smith,Bengaluru,2026-04-08,16,Sunday,18.59,Jam,Bike,97,76,0.78,45,238.08,1.0,238.08
USER-79145-AaJp,Amanda White,Mumbai,2025-10-26,8,Thursday,25.92,Low,Hatchback,20,17,0.85,72,351.04,1.0,351.04
USER-73403-hYjR,Victoria Romero,Delhi,2026-06-21,2,Thursday,9.94,Jam,Bike,78,170,2.18,30,134.28,1.8,241.7
USER-43645-NZWD,Amanda Newman,Mumbai,2025-09-02,18,Monday,6.67,Medium,Bike,25,75,3.0,24,95.04,1.6,152.06
USER-99563-VRuo,Mr. Steven Griffith,Bengaluru,2026-05-29,1,Monday,30.2,Low,Bike,6,72,12.0,69,377.4,1.7,641.58
USER-17970-BjnN,Curtis Vance,Pune,2026-01-30,1,Sunday,19.8,Medium,SUV,96,199,2.07,64,317.6,1.7,539.92
USER-52090-rihD,Ian Nelson,Pune,2026-01-31,23,Tuesday,11.88,High,Bike,14,156,11.14,40,157.56,1.8,283.61
USER-92983-fAHF,Rachel Little,Delhi,2026-06-28,7,Sunday,28.35,Jam,SUV,10,112,11.2,68,420.2,1.9,798.38
USER-35693-LjKa,Jeffrey Salas,Delhi,2026-01-17,9,Monday,12.13,Jam,Hatchback,75,126,1.68,29,185.56,1.2,222.67
USER-17731-JWaS,James Pacheco,Bengaluru,2026-05-11,23,Tuesday,22.17,Medium,Sedan,64,104,1.62,73,316.04,1.4,442.46
USER-42799-bDDX,Zachary Smith,Delhi,2025-10-07,23,Sunday,31.62,Medium,Sedan,36,48,1.33,71,429.44,1.1,472.38
USER-16580-sBWr,Mark Dalton,Pune,2026-04-29,20,Tuesday,29.55,Medium,Auto,6,95,15.83,67,384.6,1.9,730.74
USER-50165-DNcx,Nancy Brown,Chennai,2025-12-29,3,Thursday,7.98,Low,Hatchback,35,117,3.34,23,135.76,2.0,271.52
USER-81793-WVWo,Brenda Rogers,Pune,2025-12-12,8,Thursday,4.16,Jam,Sedan,34,143,4.21,17,99.92,1.7,169.86
USER-81788-sCNx,Gregory Tucker,Bengaluru,2026-06-05,18,Friday,4.25,Low,Bike,22,173,7.86,16,66.0,1.8,118.8
USER-11241-SjFj,James White,Hyderabad,2026-07-03,21,Sunday,33.78,Low,Sedan,35,84,2.4,87,455.36,2.0,910.72
USER-56704-mebZ,Kimberly Anderson,Hyderabad,2025-11-10,23,Saturday,12.09,High,SUV,62,79,1.27,33,225.08,1.1,247.59
USER-98877-tKiY,Matthew Nguyen,Chennai,2025-12-07,3,Thursday,6.28,Medium,SUV,26,125,4.81,24,155.36,1.6,248.58
USER-54729-kTIs,Patricia Williams,Delhi,2025-10-23,6,Thursday,16.37,Medium,Bike,64,77,1.2,56,211.44,1.0,211.44
USER-74523-JTcQ,Xavier Andrews,Mumbai,2025-12-11,21,Wednesday,11.34,High,SUV,95,188,1.98,37,216.08,1.4,302.51
USER-06727-ujaV,Kimberly Martinez,Chennai,2026-03-04,2,Friday,25.18,High,SUV,50,111,2.22,75,382.16,1.6,611.46
USER-29751-UEci,Nicole Mcknight,Delhi,2026-04-22,0,Saturday,33.37,Low,SUV,62,152,2.45,109,480.44,1.5,720.66
USER-09398-oYXr,Jill Davis,Chennai,2025-10-27,4,Wednesday,5.13,Jam,Auto,12,66,5.5,19,91.56,1.7,155.65
USER-80562-TBxy,John Morrison,Chennai,2025-12-31,20,Thursday,3.86,High,Sedan,80,76,0.95,16,96.32,1.0,96.32
USER-76742-ZUBU,Anita Luna,Hyderabad,2026-07-10,2,Saturday,7.72,Low,Bike,87,123,1.41,27,107.64,1.4,150.7
USER-51961-aAOr,William Fox,Mumbai,2026-01-15,10,Friday,5.17,Medium,Bike,64,22,0.34,19,77.04,1.0,77.04
USER-49478-VDob,Donna Henry,Mumbai,2026-06-02,12,Thursday,17.87,High,SUV,53,184,3.47,54,294.44,1.6,471.1
USER-73014-FeMV,Stephanie Butler,Bengaluru,2025-12-27,8,Monday,16.16,Jam,Sedan,24,18,0.75,52,243.92,1.0,243.92
USER-58904-kLdj,Valerie Cardenas,Pune,2025-12-12,15,Thursday,15.01,Medium,Sedan,75,132,1.76,37,230.12,1.2,276.14
USER-50448-OeGm,Isaac Fields,Mumbai,2026-05-24,20,Sunday,31.08,Low,Hatchback,72,73,1.01,101,412.96,1.0,412.96
USER-44518-Lwja,Shelia Serrano,Mumbai,2025-10-06,12,Sunday,27.59,Jam,SUV,50,132,2.64,86,411.08,1.7,698.84
USER-83389-SHIT,Carla Robinson,Delhi,2026-03-06,10,Monday,14.2,Low,SUV,28,16,0.57,40,250.4,1.0,250.4
USER-07545-iCMH,Audrey Anderson,Hyderabad,2026-05-23,8,Monday,2.99,High,Auto,65,145,2.23,12,65.88,2.0,131.76
USER-23423-ifBS,Courtney Vincent,Pune,2026-05-23,21,Thursday,9.2,Low,SUV,73,198,2.71,24,190.4,1.8,342.72
USER-89071-qcet,Brian Mcguire,Hyderabad,2026-04-18,12,Sunday,13.06,Low,Hatchback,27,55,2.04,37,196.72,1.9,373.77
USER-01249-wwkG,Christina Lambert,Mumbai,2026-05-29,18,Thursday,1.96,Low,Auto,94,100,1.06,10,53.52,1.0,53.52
USER-42801-nGTE,Kendra Baldwin,Chennai,2025-12-29,6,Saturday,29.45,Jam,Auto,68,148,2.18,81,383.4,1.5,575.1
USER-83615-hDhH,Vicki Coleman,Mumbai,2025-10-06,19,Friday,8.44,High,Hatchback,72,132,1.83,21,141.28,1.3,183.66
USER-47947-oJAs,Garrett Wilson,Pune,2026-08-12,5,Sunday,32.24,Low,SUV,46,25,0.54,69,466.88,1.0,466.88
USER-16781-hjzz,Adam Craig,Pune,2026-04-28,16,Saturday,30.26,Medium,Auto,14,105,7.5,100,393.12,1.8,707.62
USER-61367-rWTX,Gina Larson,Delhi,2026-03-18,10,Sunday,5.64,Jam,Sedan,25,197,7.88,28,117.68,1.8,211.82
USER-84271-hqFF,Tiffany Archer,Hyderabad,2025-11-09,17,Sunday,24.58,Low,Auto,83,101,1.22,61,324.96,1.2,389.95
USER-26952-tNNg,Barry Gregory,Pune,2026-05-22,9,Friday,5.33,Jam,SUV,98,10,0.1,26,143.96,1.0,143.96
USER-85880-WcBh,Jonathan Wagner,Mumbai,2026-01-04,18,Saturday,2.1,Jam,SUV,82,91,1.11,12,105.2,1.0,105.2
USER-42762-tTyF,Christopher Hopkins,Hyderabad,2026-05-23,3,Tuesday,32.85,Jam,Hatchback,23,94,4.09,107,434.2,1.7,738.14
USER-28064-FLyN,Julie Hart,Pune,2026-04-21,20,Monday,31.1,High,Sedan,16,191,11.94,100,423.2,1.7,719.44
USER-59056-gBww,Andrew Hood,Bengaluru,2026-01-14,7,Tuesday,24.57,Medium,Bike,49,75,1.53,80,309.84,1.1,340.82
USER-14152-bIuc,Leslie Lozano,Mumbai,2026-02-01,13,Wednesday,33.95,Jam,Sedan,57,136,2.39,119,457.4,1.8,823.32
USER-69659-gZFg,Leah Odom,Bengaluru,2026-04-26,15,Saturday,27.82,Jam,Hatchback,78,176,2.26,92,373.84,1.6,598.14
USER-63718-nsqd,Lucas Cox,Pune,2025-12-04,1,Sunday,11.03,Medium,Hatchback,45,76,1.69,40,172.36,1.2,206.83
USER-95419-ZHEB,Michelle Lane,Pune,2025-11-02,5,Wednesday,25.89,High,Hatchback,75,33,0.44,73,350.68,1.0,350.68
USER-64987-QWJl,Joshua Gonzalez,Delhi,2026-07-05,13,Thursday,33.04,Medium,Hatchback,26,165,6.35,114,436.48,1.5,654.72
USER-74896-KUOd,Victor Harmon,Hyderabad,2026-02-24,6,Saturday,14.92,Medium,Bike,75,194,2.59,60,194.04,1.6,310.46
USER-65136-rsPk,Pamela Richard,Mumbai,2025-11-19,7,Sunday,4.26,Jam,Bike,55,156,2.84,21,66.12,1.6,105.79
USER-47786-BPcm,Alexis Robles,Bengaluru,2025-10-14,13,Thursday,3.98,High,Sedan,89,170,1.91,16,97.76,1.1,107.54
USER-70015-MteA,Maria Williams,Pune,2026-07-11,20,Monday,10.92,Low,SUV,15,131,8.73,41,211.04,1.9,400.98
USER-81898-qFfp,Cynthia Duncan,Pune,2026-03-24,21,Sunday,10.01,High,Sedan,87,149,1.71,32,170.12,1.4,238.17
USER-63212-nrCA,Renee Manning,Chennai,2025-11-18,14,Tuesday,2.52,Jam,Hatchback,61,129,2.11,12,70.24,1.8,126.43
USER-73425-ETxt,Ashley Gardner,Delhi,2025-08-25,22,Monday,23.69,Low,Auto,15,181,12.07,69,314.28,1.7,534.28
USER-64518-pCya,Megan King,Pune,2026-07-15,7,Thursday,19.82,High,Sedan,54,143,2.65,62,287.84,1.8,518.11
USER-27560-rfXF,Nicole Evans,Bengaluru,2026-02-05,18,Friday,30.98,High,SUV,65,86,1.32,67,451.76,1.3,587.29
USER-56985-DSbW,Melissa Hunter,Bengaluru,2025-09-05,18,Monday,24.04,Jam,Bike,84,47,0.56,61,303.48,1.0,303.48
USER-11238-TXPW,Mark Edwards,Bengaluru,2025-10-04,5,Thursday,34.05,Jam,Sedan,29,42,1.45,73,458.6,1.4,642.04
USER-95431-Axlz,Nicholas Green,Hyderabad,2026-07-03,20,Sunday,6.03,Medium,Auto,81,76,0.94,17,102.36,1.0,102.36
USER-17342-dzNB,Maria Sims,Bengaluru,2026-03-24,17,Wednesday,14.51,High,Bike,46,80,1.74,42,189.12,1.3,245.86
USER-77133-mYrs,Nathan Graham,Chennai,2026-05-17,16,Wednesday,27.58,Jam,Bike,19,116,6.11,64,345.96,2.0,691.92
USER-36262-bsqp,Roger Acosta,Chennai,2026-03-31,3,Wednesday,27.72,High,Hatchback,73,98,1.34,97,372.64,1.2,447.17
USER-56366-VMqe,Angelica Harrison,Pune,2025-09-21,19,Monday,17.08,High,Bike,27,80,2.96,52,219.96,1.5,329.94
USER-90048-Nytz,Yesenia Crosby,Hyderabad,2026-04-19,10,Tuesday,24.48,Low,Hatchback,11,200,18.18,72,333.76,1.9,634.14
USER-72158-Bjqh,Jonathan Conrad,Mumbai,2025-12-09,9,Friday,11.57,Jam,Sedan,67,188,2.81,40,188.84,1.6,302.14
USER-49485-BkuV,Jeffrey Orr,Pune,2026-08-15,14,Saturday,27.32,Medium,Hatchback,46,78,1.7,87,367.84,1.2,441.41
USER-03207-qkTD,Jessica Lopez,Pune,2026-01-23,13,Sunday,26.19,Jam,Auto,71,105,1.48,94,344.28,1.3,447.56
USER-71215-fnsl,Michael Washington,Hyderabad,2026-06-18,22,Tuesday,18.23,High,Hatchback,22,144,6.55,62,258.76,1.6,414.02
USER-89261-pXFR,Lauren Bonilla,Pune,2025-09-20,6,Thursday,29.46,High,Auto,36,18,0.5,86,383.52,1.0,383.52
USER-52017-TQED,Timothy Rodriguez,Hyderabad,2026-04-03,8,Tuesday,13.52,Low,Sedan,64,139,2.17,38,212.24,1.8,382.03
USER-92304-uZdV,Tiffany Nguyen,Bengaluru,2025-09-12,15,Sunday,21.2,Jam,Auto,27,131,4.85,68,284.4,1.7,483.48
USER-61032-yXzs,David Wise,Hyderabad,2026-04-10,8,Thursday,26.46,Medium,Auto,93,33,0.35,72,347.52,1.0,347.52
USER-92515-GmFC,Jeffrey Drake MD,Delhi,2026-07-06,18,Tuesday,27.51,Jam,Auto,32,66,2.06,86,360.12,1.6,576.19
USER-61085-DRoP,Lisa Hamilton,Hyderabad,2026-04-25,0,Friday,30.4,Jam,Hatchback,92,12,0.13,86,404.8,1.0,404.8
USER-17422-RtpH,Angela Mcdonald,Pune,2026-01-20,19,Tuesday,28.23,Low,Auto,33,74,2.24,88,368.76,1.9,700.64
USER-94549-fXGb,Jeffery Davis,Chennai,2025-09-28,8,Tuesday,15.41,Medium,Bike,53,99,1.87,46,199.92,1.2,239.9
USER-59779-ZqvZ,Jason Bush,Hyderabad,2025-10-24,19,Wednesday,14.5,High,Auto,18,11,0.61,47,204.0,1.0,204.0
USER-27769-UFtN,Abigail Wilson,Hyderabad,2026-06-10,19,Friday,21.71,Jam,Sedan,43,185,4.3,49,310.52,1.7,527.88
USER-03037-PjPp,Adrian Rodriguez,Bengaluru,2026-01-23,10,Tuesday,30.29,Medium,Auto,38,177,4.66,98,393.48,1.6,629.57
USER-12277-EbCL,Brittany Henderson,Delhi,2025-11-14,7,Thursday,31.59,Jam,Auto,81,113,1.4,98,409.08,1.3,531.8
USER-67998-scFz,Mark Marquez,Delhi,2026-02-11,9,Saturday,9.82,Jam,Bike,58,113,1.95,27,132.84,1.3,172.69
USER-81467-hFNP,Albert Ray,Pune,2025-12-22,6,Wednesday,12.67,Low,Bike,96,66,0.69,47,167.04,1.0,167.04
USER-83959-TQDi,Julie Kim,Delhi,2026-07-06,21,Friday,13.19,Jam,SUV,43,53,1.23,53,238.28,1.2,285.94
USER-29341-QEil,Heather Kennedy,Pune,2025-10-29,4,Tuesday,26.19,Low,SUV,97,153,1.58,86,394.28,1.4,551.99
USER-05452-lGcZ,Daniel Williams,Hyderabad,2025-09-09,20,Saturday,4.04,Medium,Auto,50,67,1.34,18,78.48,1.2,94.18
USER-50842-SGMQ,David Peterson,Chennai,2025-09-24,11,Wednesday,9.86,Jam,SUV,42,128,3.05,41,198.32,1.5,297.48
USER-18081-kOhn,Rachael Lynch,Bengaluru,2026-07-16,18,Wednesday,33.11,High,SUV,14,130,9.29,120,477.32,1.6,763.71
USER-13760-pZEv,Dr. Christian Cox PhD,Chennai,2025-11-30,16,Thursday,11.14,High,Sedan,11,48,4.36,29,183.68,1.7,312.26
USER-28632-ZBAA,Heather Ortega,Pune,2026-07-11,14,Saturday,5.87,High,Auto,96,56,0.58,27,100.44,1.0,100.44
USER-11556-XkBd,Adam Drake,Hyderabad,2026-01-08,5,Monday,11.66,Medium,Hatchback,12,11,0.92,36,179.92,1.0,179.92
USER-84668-tUVu,Veronica Lloyd,Bengaluru,2026-07-15,5,Saturday,20.59,High,Hatchback,25,135,5.4,68,287.08,1.6,459.33
USER-38997-SwZY,Melody Griffin,Chennai,2026-04-11,13,Thursday,14.72,High,Auto,66,108,1.64,39,206.64,1.2,247.97
USER-28843-fGJt,Jean Higgins,Bengaluru,2026-02-23,0,Tuesday,31.33,Medium,Auto,72,58,0.81,65,405.96,1.0,405.96
USER-46810-xqOG,Kimberly Green,Bengaluru,2025-12-24,7,Thursday,8.69,Low,SUV,49,89,1.82,27,184.28,1.3,239.56
USER-39989-owts,Abigail Morgan,Delhi,2026-04-18,2,Saturday,29.01,Medium,SUV,43,84,1.95,87,428.12,1.3,556.56
USER-35712-TBAf,Ashley Black,Chennai,2025-09-20,21,Saturday,34.85,Medium,SUV,48,135,2.81,93,498.2,1.6,797.12
USER-98864-LFOB,Jacob Fox,Mumbai,2026-08-16,12,Tuesday,1.65,Jam,SUV,33,196,5.94,10,99.8,1.9,189.62
USER-28813-DEcV,Cameron Dawson,Mumbai,2025-10-13,5,Tuesday,5.19,Low,Hatchback,96,176,1.83,24,102.28,1.4,143.19
USER-82154-xtsF,Jacob Roberts,Hyderabad,2025-08-27,17,Thursday,22.19,Jam,Auto,81,22,0.27,68,296.28,1.0,296.28
USER-70185-ecAE,Cindy Fuentes,Delhi,2026-03-14,3,Monday,15.17,High,SUV,53,41,0.77,51,262.04,1.0,262.04
USER-28777-jUuf,Sandra Anderson,Hyderabad,2026-06-05,6,Saturday,24.64,Jam,SUV,85,12,0.14,63,375.68,1.0,375.68
USER-74120-KOYX,Gina Williams,Mumbai,2026-05-02,8,Monday,22.18,Low,Hatchback,94,45,0.48,61,306.16,1.0,306.16
USER-09837-GbhQ,Luke Ray,Bengaluru,2026-07-25,19,Thursday,5.0,Low,Sedan,19,37,1.95,18,110.0,1.3,143.0
USER-71895-zLcF,Michael Clay,Mumbai,2026-06-28,6,Tuesday,13.17,Jam,Bike,57,85,1.49,39,173.04,1.2,207.65
USER-11182-sjlq,Joseph Reyes,Hyderabad,2026-05-25,15,Monday,12.24,Jam,Bike,5,13,2.6,39,161.88,1.9,307.57
USER-04615-jAuq,Erika Johnson,Bengaluru,2026-01-01,4,Monday,33.28,Low,Auto,70,29,0.41,105,429.36,1.0,429.36
USER-88614-duDJ,Kyle Young,Mumbai,2026-01-13,20,Sunday,8.86,Jam,Bike,42,77,1.83,26,121.32,1.3,157.72
USER-38249-ACfO,Victor Leonard,Bengaluru,2026-02-16,9,Friday,13.25,Medium,Sedan,91,90,0.99,37,209.0,1.0,209.0
USER-87007-NsPk,Dr. Kimberly Henderson,Chennai,2025-08-17,1,Friday,1.33,Jam,Sedan,22,179,8.14,10,65.96,1.7,112.13
USER-39840-kVIK,Michael Kidd,Chennai,2025-09-12,19,Thursday,10.12,Low,Bike,98,33,0.34,32,136.44,1.0,136.44
USER-98554-WTCr,Diana Reynolds,Pune,2025-11-15,12,Sunday,14.61,High,Bike,63,79,1.25,56,190.32,1.3,247.42
USER-20970-aRlA,Erin Sloan,Hyderabad,2026-03-08,5,Wednesday,4.84,Jam,SUV,94,195,2.07,14,138.08,1.6,220.93
USER-80715-yMwy,Shawn Curtis,Chennai,2025-10-21,15,Thursday,28.28,Low,Auto,91,122,1.34,72,369.36,1.3,480.17
USER-04531-NOtZ,Corey Smith,Hyderabad,2026-05-06,21,Friday,30.92,Jam,Sedan,98,43,0.44,93,421.04,1.0,421.04
USER-30361-rKGF,Tanner Mann,Bengaluru,2025-10-18,13,Sunday,15.98,Medium,Auto,13,76,5.85,49,221.76,1.9,421.34
USER-93843-RbSR,Austin Green,Chennai,2026-02-28,23,Saturday,20.61,Jam,Auto,77,67,0.87,78,277.32,1.0,277.32
USER-56641-RHDF,Terri Williams,Hyderabad,2025-12-27,22,Monday,24.82,Medium,Auto,17,120,7.06,79,327.84,1.7,557.33
USER-63519-ZbVo,Kim Stewart,Delhi,2026-08-09,20,Friday,14.09,Low,Bike,76,166,2.18,33,184.08,1.8,331.34
USER-10760-LZOv,Eric Garrett,Mumbai,2026-06-20,15,Friday,30.56,Jam,Bike,14,135,9.64,82,381.72,2.0,763.44
USER-31997-WgOC,Samantha Stone,Delhi,2026-03-16,7,Tuesday,19.72,Low,Auto,53,113,2.13,66,266.64,1.7,453.29
USER-20704-NOBe,Ryan Brown,Hyderabad,2025-09-23,14,Tuesday,3.99,Low,Sedan,68,124,1.82,18,97.88,1.3,127.24
USER-61963-MYQN,Unknown,Hyderabad,2025-08-21,12,Saturday,15.02,Jam,Hatchback,76,150,1.97,33,220.24,1.3,286.31
USER-07859-mgga,Matthew Lowe,Chennai,2026-03-22,20,Monday,11.36,Medium,Hatchback,70,153,2.19,35,176.32,2.0,352.64
USER-97232-Zcdi,Dawn Fisher,Mumbai,2025-12-09,1,Tuesday,28.76,High,Sedan,63,94,1.49,90,395.12,1.3,513.66
USER-49545-aHLQ,Patricia Hernandez,Chennai,2026-04-22,14,Saturday,4.88,Low,SUV,89,66,0.74,16,138.56,1.0,138.56
USER-15377-MSvL,Curtis Kerr,Delhi,2026-03-12,9,Tuesday,19.62,High,SUV,52,189,3.63,46,315.44,1.7,536.25
USER-07303-SoDN,Jesse Mccormick,Delhi,2025-11-03,23,Sunday,25.53,High,SUV,18,75,4.17,79,386.36,1.6,618.18
USER-01508-hjsC,Ronald Smith,Mumbai,2025-10-27,6,Sunday,16.54,High,Auto,29,193,6.66,49,228.48,1.5,342.72
USER-42583-lmbl,Duane Robinson,Bengaluru,2026-06-21,21,Monday,21.02,Low,Bike,62,127,2.05,72,267.24,1.6,427.58
USER-34735-ZxQk,Stacey Morgan,Hyderabad,2026-07-27,16,Thursday,26.03,Jam,Auto,75,120,1.6,93,342.36,1.4,479.3
USER-38655-MBOp,Thomas Norton,Bengaluru,2026-07-19,5,Monday,24.52,Medium,Hatchback,27,197,7.3,82,334.24,1.7,568.21
USER-42897-nUfY,Erin Brown,Delhi,2026-02-05,10,Sunday,18.14,Low,Bike,54,117,2.17,67,232.68,1.6,372.29
USER-57872-uTxH,Stephen Potter,Chennai,2026-04-28,9,Sunday,16.4,Jam,SUV,22,45,2.05,52,276.8,1.6,442.88
USER-03337-pznt,Margaret Gibbs,Delhi,2026-01-19,10,Friday,25.2,Medium,Sedan,75,171,2.28,63,352.4,1.8,634.32
USER-78539-cDGN,Brandy Miller,Delhi,2025-12-18,11,Thursday,32.32,Jam,SUV,21,191,9.1,100,467.84,1.8,842.11
USER-27341-wfsG,Emily Reyes,Delhi,2026-02-20,10,Tuesday,25.15,High,Bike,50,153,3.06,76,316.8,1.8,570.24
USER-53544-VXRr,Isaac Payne,Bengaluru,2025-10-26,17,Tuesday,10.72,Medium,Hatchback,59,13,0.22,31,168.64,1.0,168.64
USER-66907-PGWj,Elijah Short,Delhi,2026-06-29,1,Saturday,23.79,Medium,SUV,30,78,2.6,78,365.48,2.0,730.96
USER-75153-BXSA,Rachel Todd,Mumbai,2025-11-02,4,Sunday,29.54,Low,Sedan,93,85,0.91,78,404.48,1.0,404.48
USER-07553-ABRW,Bethany Harding,Mumbai,2026-01-11,14,Monday,4.48,High,Sedan,91,199,2.19,17,103.76,1.9,197.14
USER-25999-Kzyn,Richard Weeks,Chennai,2026-07-29,7,Friday,18.37,Jam,Bike,94,83,0.88,57,235.44,1.0,235.44
USER-41218-lcSM,Keith Hayes,Hyderabad,2026-02-11,12,Monday,15.16,Low,SUV,92,90,0.98,54,261.92,1.0,261.92
USER-33481-DdxH,Unknown,Delhi,2025-08-21,8,Sunday,7.9,Jam,SUV,61,67,1.1,33,174.8,1.0,174.8
USER-63234-BTQE,Betty Barnes PhD,Mumbai,2025-10-14,17,Friday,26.11,High,Hatchback,30,195,6.5,95,353.32,1.7,600.64
USER-02716-MZpH,Melinda Hill,Mumbai,2025-12-15,2,Wednesday,7.36,Jam,SUV,27,198,7.33,28,168.32,1.5,252.48
USER-75469-ZlAp,Nancy Roberts,Hyderabad,2025-10-22,8,Friday,5.42,Jam,SUV,79,75,0.95,19,145.04,1.0,145.04
USER-60324-OIsQ,Catherine Carroll,Hyderabad,2026-07-18,4,Sunday,2.36,Medium,SUV,46,162,3.52,10,108.32,1.7,184.14
USER-18567-kqnG,Kristen Carney MD,Hyderabad,2025-09-02,11,Wednesday,3.48,Jam,SUV,95,91,0.96,13,121.76,1.0,121.76
USER-04125-QVDF,Savannah Sanders,Delhi,2026-02-01,16,Wednesday,6.42,Medium,SUV,74,147,1.99,23,157.04,1.2,188.45
USER-09124-hIVz,Douglas Martin,Mumbai,2025-10-18,10,Tuesday,12.26,Low,Sedan,42,65,1.55,51,197.12,1.2,236.54
USER-83708-PQTQ,Christopher Klein,Mumbai,2026-07-11,20,Friday,1.3,High,SUV,90,98,1.09,8,95.6,1.0,95.6
USER-33533-fbAb,Amber Bennett,Bengaluru,2026-08-13,21,Thursday,31.11,Medium,Auto,53,39,0.74,90,403.32,1.0,403.32
USER-22068-guuJ,Anne Conley,Mumbai,2026-04-03,0,Monday,31.99,Jam,SUV,52,141,2.71,111,463.88,1.7,788.6
USER-06506-nDoe,Brian Morris,Bengaluru,2026-04-14,20,Tuesday,7.55,High,Auto,70,31,0.44,29,120.6,1.0,120.6
USER-71892-qgMu,Jennifer Saunders,Bengaluru,2026-08-10,17,Saturday,19.13,Medium,Sedan,85,26,0.31,49,279.56,1.0,279.56
USER-71509-LCyG,Stacey Stewart,Mumbai,2026-04-08,13,Tuesday,29.41,Low,Bike,31,147,4.74,103,367.92,1.8,662.26
USER-63910-ixFs,Stephanie Parker,Bengaluru,2025-10-30,23,Friday,24.33,Low,Bike,8,127,15.88,76,306.96,1.5,460.44
USER-52450-HYAP,Theresa Stevenson,Pune,2026-06-10,8,Monday,19.97,Medium,Sedan,78,68,0.87,75,289.64,1.0,289.64
USER-33968-ulCO,Joshua Knox,Delhi,2025-08-19,20,Friday,14.75,Low,Bike,45,14,0.31,41,192.0,1.0,192.0
USER-12983-pGfB,Brenda Harris,Bengaluru,2026-05-09,20,Friday,25.49,Medium,Bike,13,200,15.38,76,320.88,1.7,545.5
USER-73471-xzyk,David Mitchell,Hyderabad,2026-02-05,9,Wednesday,27.75,Jam,Bike,43,165,3.84,68,348.0,1.7,591.6
USER-49828-Ulqy,James Dickerson,Hyderabad,2026-02-02,0,Friday,17.12,Jam,Hatchback,73,66,0.9,45,245.44,1.0,245.44
USER-30085-FzAz,Mr. Miguel Gonzalez,Chennai,2026-08-06,17,Sunday,11.03,Jam,Sedan,86,46,0.53,33,182.36,1.0,182.36
USER-16923-WBqX,Mrs. Stacey Riddle,Pune,2026-07-16,0,Thursday,19.82,Jam,Sedan,76,46,0.61,45,287.84,1.0,287.84
USER-33705-OTRb,James Coleman,Pune,2026-04-29,12,Tuesday,19.26,High,Hatchback,15,88,5.87,51,271.12,1.6,433.79
USER-92011-PTyz,Brittany Wright,Hyderabad,2026-05-02,16,Friday,5.84,Low,Hatchback,28,66,2.36,23,110.08,1.6,176.13
USER-48869-tUAW,Carol Simmons,Mumbai,2026-07-03,18,Wednesday,29.98,Low,Auto,75,128,1.71,91,389.76,1.2,467.71
USER-43640-kFag,Rebecca Olsen,Pune,2025-09-12,3,Saturday,7.71,Jam,Sedan,79,134,1.7,33,142.52,1.1,156.77
USER-23728-hCKn,Christopher Lopez,Pune,2025-10-24,3,Friday,10.69,Medium,Bike,13,59,4.54,35,143.28,1.7,243.58
USER-12141-yhre,Dr. Jessica Durham,Delhi,2025-12-20,22,Saturday,20.86,Jam,SUV,77,155,2.01,60,330.32,2.0,660.64
USER-09013-HYay,Alexandra Adams,Pune,2026-03-25,10,Wednesday,9.37,High,SUV,33,192,5.82,37,192.44,1.6,307.9
USER-55356-yNdw,Lindsey Rogers,Hyderabad,2026-07-02,21,Friday,25.92,Low,SUV,66,128,1.94,75,391.04,1.2,469.25
USER-09184-SWpx,Russell Buckley,Pune,2026-01-29,20,Sunday,21.63,Jam,Hatchback,40,45,1.12,77,299.56,1.0,299.56
USER-50505-RCoM,April Little,Hyderabad,2026-02-10,20,Thursday,3.6,Low,Sedan,14,14,1.0,13,93.2,1.0,93.2
USER-16493-TjHK,Teresa Alvarez,Hyderabad,2026-05-31,18,Sunday,14.77,Low,Bike,80,64,0.8,59,192.24,1.0,192.24
USER-87271-EQIp,Elizabeth Nunez,Hyderabad,2025-11-14,17,Monday,17.05,Low,Auto,24,103,4.29,50,234.6,1.6,375.36
USER-64347-QhQi,Alyssa Hickman MD,Hyderabad,2026-07-20,2,Wednesday,14.49,Jam,Auto,69,12,0.17,47,203.88,1.0,203.88
USER-91566-PPYJ,Danny Johnston,Pune,2026-08-05,4,Thursday,16.17,Medium,Bike,27,154,5.7,59,209.04,1.9,397.18
USER-93195-iuyK,Brandon Davis,Delhi,2026-05-13,11,Saturday,2.37,Medium,SUV,67,69,1.03,11,108.44,1.0,108.44
USER-28993-gzaI,Jacob Shelton,Hyderabad,2026-06-24,21,Sunday,8.03,High,Bike,51,109,2.14,30,111.36,1.9,211.58
USER-09548-ShrT,Brittany Campbell,Hyderabad,2026-03-15,20,Monday,12.02,Medium,SUV,95,143,1.51,41,224.24,1.4,313.94
USER-52330-XlFU,Jamie Zavala,Delhi,2026-01-07,17,Sunday,20.39,Medium,Auto,53,177,3.34,55,274.68,1.8,494.42
USER-56618-UssS,Jay Kennedy,Chennai,2026-07-20,7,Sunday,18.56,Jam,Auto,50,98,1.96,59,252.72,1.4,353.81
USER-59047-PkKi,Unknown,Mumbai,2026-01-25,4,Sunday,15.96,Medium,Bike,34,29,0.85,50,206.52,1.0,206.52
USER-59126-BRkd,Christina Curtis,Mumbai,2025-09-21,5,Saturday,6.35,Medium,Auto,82,193,2.35,25,106.2,1.7,180.54
USER-63013-zFtS,Miss Leslie Booker,Bengaluru,2026-03-23,3,Monday,17.37,Jam,Auto,66,132,2.0,44,238.44,1.3,309.97
USER-75011-fhFP,Marie Hill,Hyderabad,2026-04-18,7,Thursday,2.47,Low,Hatchback,78,161,2.06,15,69.64,1.5,104.46
USER-92676-tKig,Mrs. Melissa Davis,Chennai,2025-12-14,1,Wednesday,6.66,Medium,SUV,28,142,5.07,24,159.92,1.9,303.85
USER-87189-ITYP,Justin Herrera,Pune,2025-10-01,9,Tuesday,33.21,Low,Bike,32,124,3.88,105,413.52,1.9,785.69
USER-51029-nPkf,Abigail West,Chennai,2026-03-10,13,Tuesday,21.43,Low,Auto,79,56,0.71,72,287.16,1.0,287.16
USER-60340-HYsQ,Heidi Stephens,Bengaluru,2026-02-28,23,Friday,24.31,Jam,Sedan,63,162,2.57,75,341.72,1.7,580.92
USER-83103-cmjt,Yesenia Obrien,Chennai,2026-06-26,0,Wednesday,7.88,Medium,Hatchback,69,185,2.68,24,134.56,1.8,242.21
USER-96184-qyPk,Ian Anderson,Chennai,2026-01-10,19,Wednesday,21.39,High,SUV,73,138,1.89,69,336.68,1.2,404.02
USER-43598-MkAj,Dalton Soto,Pune,2025-12-11,19,Monday,19.34,Jam,Auto,5,183,36.6,67,262.08,1.7,445.54
USER-86151-xvXr,Devin Schmidt,Chennai,2025-10-09,22,Thursday,19.01,High,Auto,34,133,3.91,68,258.12,1.7,438.8
USER-11284-LZFg,Wayne Gray,Bengaluru,2026-02-26,22,Monday,20.59,High,Hatchback,59,44,0.75,54,287.08,1.0,287.08
USER-62588-MzEL,Stephanie Jackson,Delhi,2025-10-03,2,Thursday,10.63,Medium,Bike,74,114,1.54,27,142.56,1.3,185.33
USER-53967-lCwZ,Nicolas Brown,Mumbai,2026-02-04,18,Sunday,18.77,Jam,Hatchback,71,11,0.15,53,265.24,1.0,265.24
USER-14651-OfeU,Robin Torres,Pune,2025-11-13,10,Monday,14.9,Low,Auto,18,49,2.72,45,208.8,1.6,334.08
USER-06827-FGRR,Timothy Stokes,Pune,2026-07-07,18,Thursday,13.43,Jam,Auto,40,184,4.6,39,191.16,1.7,324.97
USER-68538-RMcM,Ronald Smith,Chennai,2026-01-28,15,Wednesday,7.08,Medium,Bike,76,152,2.0,25,99.96,1.3,129.95
USER-06762-xhvR,Casey Gomez,Bengaluru,2025-11-16,12,Wednesday,26.02,Low,Sedan,89,40,0.45,90,362.24,1.0,362.24
USER-63480-DNFd,Mr. Aaron Welch,Delhi,2025-12-25,5,Monday,4.41,High,Sedan,70,112,1.6,24,102.92,1.3,133.8
USER-65016-FmfH,Gregory Bowen,Delhi,2026-02-21,1,Friday,6.47,Low,SUV,86,11,0.13,24,157.64,1.0,157.64
USER-65456-lIZr,Matthew Perez,Bengaluru,2025-09-26,19,Tuesday,15.8,Jam,Bike,13,77,5.92,39,204.6,1.8,368.28
USER-31340-izAV,Jeffrey Howard,Mumbai,2025-12-16,12,Saturday,21.87,Medium,SUV,71,83,1.17,69,342.44,1.0,342.44
USER-25686-ihgY,Mrs. Katherine Simpson,Pune,2025-08-25,5,Monday,22.77,Low,Bike,61,12,0.2,62,288.24,1.0,288.24
USER-06744-FfWB,Gloria Bray,Bengaluru,2025-11-15,1,Monday,27.65,Medium,Bike,70,142,2.03,88,346.8,1.8,624.24
USER-36371-SUGN,Sharon Gamble,Delhi,2025-10-22,20,Monday,1.01,Medium,Bike,25,32,1.28,11,27.12,1.2,32.54
USER-26093-fdyA,Andrew Mooney,Bengaluru,2026-02-25,18,Tuesday,7.81,Medium,Bike,6,198,33.0,26,108.72,1.8,195.7
USER-04145-rwTA,Antonio Simmons,Delhi,2025-11-15,17,Tuesday,32.11,Medium,Auto,49,98,2.0,116,415.32,1.2,498.38
USER-74916-lqFx,Patrick Lewis,Bengaluru,2025-12-17,14,Sunday,32.61,Low,Hatchback,78,11,0.14,85,431.32,1.0,431.32
USER-98953-PrnL,Patrick Ward,Mumbai,2026-01-04,17,Saturday,3.46,Medium,Hatchback,42,97,2.31,21,81.52,2.0,163.04
USER-33711-INvt,Warren Henson,Bengaluru,2026-05-09,18,Thursday,9.5,Medium,Hatchback,61,106,1.74,32,154.0,1.3,200.2
USER-48557-OThB,Carl Barnes,Pune,2025-09-11,14,Thursday,24.17,Low,Bike,80,17,0.21,71,305.04,1.0,305.04
USER-90367-RIGe,Walter Roberts,Chennai,2025-10-16,20,Friday,27.81,Jam,Hatchback,33,183,5.55,91,373.72,1.7,635.32
USER-29390-YGDG,Devon White,Hyderabad,2026-05-02,17,Saturday,1.33,High,Bike,38,73,1.92,11,30.96,1.3,40.25
USER-08340-Ojri,Kristen Jackson,Delhi,2025-11-24,2,Thursday,19.85,Medium,Bike,27,131,4.85,54,253.2,1.9,481.08
USER-55184-UiAN,Matthew Chen,Chennai,2025-12-03,23,Thursday,24.23,Low,Sedan,29,137,4.72,80,340.76,1.9,647.44
USER-08916-PqOO,Diana Scott,Mumbai,2026-03-26,6,Thursday,8.79,Jam,Bike,36,168,4.67,25,120.48,1.6,192.77
USER-62736-xjEf,Kevin Morton,Delhi,2026-02-14,21,Saturday,17.75,Medium,Bike,5,148,29.6,70,228.0,1.7,387.6
USER-22693-ejeB,Nicholas Holland Jr.,Chennai,2025-11-15,18,Friday,30.54,Jam,Auto,67,56,0.84,116,396.48,1.0,396.48
USER-91660-haWP,Monica Morton,Pune,2026-07-24,7,Sunday,26.51,Low,Sedan,21,23,1.1,81,368.12,1.0,368.12
USER-01851-miEW,Linda Sparks,Mumbai,2026-03-11,17,Tuesday,2.11,Medium,Sedan,49,110,2.24,10,75.32,1.7,128.04
USER-48100-gIsg,David Stephens,Delhi,2026-02-20,16,Sunday,16.64,Medium,Auto,93,12,0.13,38,229.68,1.0,229.68
USER-43617-khog,Jeffery Hernandez,Mumbai,2026-08-01,3,Monday,12.06,Low,Hatchback,83,76,0.92,33,184.72,1.0,184.72
USER-09226-HvMl,Thomas Gillespie,Delhi,2026-04-22,15,Tuesday,33.59,High,Hatchback,48,103,2.15,84,443.08,1.6,708.93
USER-54102-XPju,Brian Hendricks,Delhi,2025-10-10,11,Tuesday,13.41,Jam,Auto,56,81,1.45,39,190.92,1.4,267.29
USER-15226-wuFB,Tina Ramirez,Bengaluru,2026-02-09,3,Sunday,25.51,High,Bike,35,152,4.34,75,321.12,1.6,513.79
USER-88788-oyfL,Janet Dunn,Pune,2026-05-05,23,Wednesday,6.08,Medium,Auto,6,55,9.17,20,102.96,2.0,205.92
USER-58721-dwxX,Dalton Jefferson,Mumbai,2026-06-12,16,Tuesday,19.16,Medium,Hatchback,45,134,2.98,56,269.92,1.9,512.85
USER-21260-SBxd,Ronald Brown,Hyderabad,2026-04-30,3,Friday,24.48,Low,SUV,12,65,5.42,87,373.76,1.9,710.14
USER-13109-AjWl,Amanda Diaz,Chennai,2026-02-05,23,Wednesday,12.38,High,SUV,51,102,2.0,41,228.56,1.2,274.27
USER-04120-PcMW,Jill Newman,Hyderabad,2025-10-19,11,Tuesday,30.49,Jam,SUV,82,60,0.73,97,445.88,1.0,445.88
USER-49843-Bkrf,Jordan Dawson,Pune,2026-02-23,9,Sunday,13.07,Medium,Bike,91,140,1.54,44,171.84,1.4,240.58
USER-89177-uPPz,Colleen White,Hyderabad,2026-06-15,9,Thursday,16.77,High,SUV,23,52,2.26,56,281.24,1.7,478.11
USER-50342-Igen,Brian Cox,Mumbai,2026-03-23,12,Friday,29.86,High,Bike,14,30,2.14,71,373.32,1.7,634.64
USER-19909-YEcd,Timothy Allen,Chennai,2025-12-10,22,Tuesday,10.09,Low,Sedan,87,111,1.28,33,171.08,1.3,222.4
USER-65215-AVGg,Kathryn Edwards,Delhi,2026-02-16,23,Thursday,20.96,Low,Hatchback,62,115,1.85,49,291.52,1.1,320.67
USER-22711-TonZ,Sean Johnson,Hyderabad,2026-04-23,8,Friday,32.97,Medium,Hatchback,94,30,0.32,84,435.64,1.0,435.64
USER-72545-NBcT,Lisa Mills PhD,Chennai,2026-05-27,2,Saturday,32.85,Medium,Hatchback,65,150,2.31,76,434.2,1.8,781.56
USER-71024-JZYf,Christian Burton,Chennai,2026-02-15,3,Tuesday,9.92,Medium,Sedan,24,31,1.29,37,169.04,1.2,202.85
USER-12747-qWCP,Kenneth Gomez,Mumbai,2026-07-21,9,Wednesday,16.07,Jam,Auto,21,43,2.05,48,222.84,1.5,334.26
USER-27589-uxfR,Jennifer Vincent,Delhi,2026-01-15,10,Wednesday,30.38,Low,Hatchback,64,148,2.31,113,404.56,1.7,687.75
USER-80214-ykKz,Richard Lyons,Pune,2026-06-25,22,Thursday,19.34,Jam,Auto,80,162,2.02,59,262.08,1.8,471.74
USER-71121-zXBm,Marvin Mccullough,Delhi,2026-01-11,9,Sunday,31.9,High,Hatchback,66,148,2.24,77,422.8,1.7,718.76
USER-70827-jOnu,Patrick Wilson,Hyderabad,2026-03-13,8,Monday,6.29,Jam,Auto,6,10,1.67,21,105.48,1.2,126.58
USER-30644-Olfj,Veronica Lewis,Delhi,2025-09-11,0,Tuesday,24.38,High,SUV,67,132,1.97,67,372.56,1.3,484.33
USER-01654-kmwA,Mckenzie Green,Hyderabad,2026-02-09,0,Friday,19.64,Medium,SUV,29,115,3.97,73,315.68,1.7,536.66
USER-89319-NjuQ,Laura Morrow,Delhi,2026-08-12,23,Saturday,22.96,High,Auto,53,66,1.25,62,305.52,1.3,397.18
USER-51648-UaCi,Taylor Porter,Mumbai,2026-04-06,19,Tuesday,28.46,Low,Auto,92,79,0.86,79,371.52,1.0,371.52
USER-29635-nmRK,Chelsea Horton,Mumbai,2026-08-01,13,Wednesday,7.39,High,Auto,13,56,4.31,19,118.68,1.8,213.62
USER-77665-wIBH,Kathryn Parrish,Delhi,2026-08-08,8,Friday,24.82,Medium,SUV,67,58,0.87,65,377.84,1.0,377.84
USER-66464-SNgf,Juan Martin,Hyderabad,2026-06-07,17,Tuesday,1.75,Low,Hatchback,18,82,4.56,13,61.0,1.9,115.9
USER-81789-ZcQs,Paul Hanson,Hyderabad,2026-06-24,4,Thursday,1.5,Jam,Hatchback,32,97,3.03,12,58.0,2.0,116.0
USER-57660-xYoG,Scott Sampson,Hyderabad,2025-11-29,1,Wednesday,12.23,High,Sedan,23,24,1.04,37,196.76,1.0,196.76
USER-00025-HVMu,April Stout,Hyderabad,2025-12-17,15,Thursday,7.17,Jam,Bike,37,107,2.89,26,101.04,2.0,202.08
USER-09626-Ulzu,Cheryl Newman,Chennai,2026-02-22,12,Saturday,27.22,Low,Bike,61,73,1.2,86,341.64,1.0,341.64
USER-48253-ffbB,Kenneth Myers,Chennai,2025-08-21,23,Friday,27.21,Medium,Auto,71,180,2.54,103,356.52,1.7,606.08
USER-60275-lpPo,Tammie Miller,Chennai,2025-12-03,10,Wednesday,6.39,Medium,SUV,98,20,0.2,29,156.68,1.0,156.68
USER-09117-Mhgj,Denise Donovan,Delhi,2025-11-28,8,Friday,17.36,Low,Auto,43,60,1.4,46,238.32,1.4,333.65
USER-17061-FOen,Susan Clark,Hyderabad,2026-04-25,3,Tuesday,9.02,High,SUV,60,93,1.55,24,188.24,1.3,244.71
USER-99015-wENM,Adam White,Mumbai,2026-03-05,7,Wednesday,1.3,High,Auto,10,158,15.8,13,45.6,1.8,82.08
USER-23513-buio,Kimberly Holmes,Mumbai,2025-09-16,2,Sunday,9.46,Medium,Sedan,68,33,0.49,35,163.52,1.0,163.52
USER-47768-zmql,Dr. Gregory Arnold,Delhi,2025-10-28,20,Tuesday,3.04,High,SUV,50,175,3.5,16,116.48,1.9,221.31
USER-37676-MVru,Pamela Collins,Bengaluru,2026-04-02,7,Saturday,11.77,Jam,Bike,76,175,2.3,45,156.24,1.9,296.86
USER-72084-LAsM,Steven Weiss,Chennai,2026-06-15,12,Thursday,13.18,High,SUV,22,74,3.36,53,238.16,1.9,452.5
USER-25313-Qxxj,Robert Jordan,Bengaluru,2026-05-29,17,Saturday,24.7,High,Auto,29,155,5.34,63,326.4,1.7,554.88
USER-38164-MnHn,John Pope,Pune,2025-09-24,19,Sunday,32.09,Low,Hatchback,75,51,0.68,71,425.08,1.0,425.08
USER-53307-FcrA,Peter Stewart,Pune,2025-09-30,8,Tuesday,19.41,High,Hatchback,63,10,0.16,71,272.92,1.0,272.92
USER-90742-zcIH,Alex Smith,Hyderabad,2025-08-31,5,Thursday,31.02,Low,SUV,84,103,1.23,103,452.24,1.2,542.69
USER-55618-XuFN,Jennifer Turner,Bengaluru,2025-09-03,17,Tuesday,28.85,Jam,SUV,29,144,4.97,97,426.2,1.6,681.92
USER-91030-aigu,Barbara Brooks,Pune,2026-06-28,13,Wednesday,22.79,Medium,Bike,19,34,1.79,66,288.48,1.1,317.33
USER-80040-hdte,Steven Wood,Bengaluru,2025-11-21,5,Monday,30.7,Jam,Sedan,30,37,1.23,86,418.4,1.1,460.24
USER-25296-OCQh,Chad Murray,Pune,2026-02-24,12,Monday,23.37,Jam,SUV,72,169,2.35,77,360.44,1.5,540.66
USER-44158-pQPV,Nicholas Perez,Delhi,2026-06-26,22,Saturday,3.41,Low,SUV,31,177,5.71,12,120.92,1.7,205.56
USER-63715-nLWH,Michael Mcdonald,Bengaluru,2026-02-21,11,Wednesday,19.97,High,SUV,58,104,1.79,65,319.64,1.3,415.53
USER-35679-GmXz,Jonathan Sloan,Pune,2025-10-25,1,Wednesday,25.97,Medium,Sedan,43,29,0.67,98,361.64,1.0,361.64
USER-13072-rbEQ,Bridget Walter,Chennai,2026-02-27,23,Wednesday,8.85,Low,Hatchback,54,58,1.07,25,146.2,1.0,146.2
USER-68507-rxgd,Daniel Sanders,Bengaluru,2026-04-11,5,Tuesday,19.99,Jam,Bike,76,116,1.53,69,254.88,1.3,331.34
USER-97861-RdPp,Christopher Hill,Delhi,2026-08-02,13,Tuesday,31.02,Low,Auto,26,56,2.15,97,402.24,1.7,683.81
USER-39666-goUS,Austin Garcia,Chennai,2025-11-23,19,Tuesday,16.06,Medium,Sedan,50,90,1.8,52,242.72,1.4,339.81
USER-12897-VtSp,Kyle Gross,Pune,2025-10-18,20,Sunday,15.64,Medium,Bike,97,92,0.95,55,202.68,1.0,202.68
USER-76502-qekR,Brenda Smith,Delhi,2026-05-22,17,Tuesday,32.49,High,SUV,37,102,2.76,120,469.88,2.0,939.76
USER-07371-cbKR,Unknown,Chennai,2026-08-14,1,Friday,34.42,Medium,Bike,81,14,0.17,101,428.04,1.0,428.04
USER-14577-VwIq,Unknown,Bengaluru,2026-04-16,7,Thursday,8.3,Jam,Auto,45,15,0.33,32,129.6,1.0,129.6
USER-97148-UObj,Gene Holmes,Delhi,2026-08-09,16,Wednesday,19.91,Medium,Sedan,78,49,0.63,51,288.92,1.0,288.92
USER-65313-yOgr,Kenneth Dominguez,Hyderabad,2026-07-03,4,Monday,10.01,Jam,Hatchback,79,73,0.92,29,160.12,1.0,160.12
USER-69644-mcLH,Michael Barron,Mumbai,2026-04-30,12,Monday,20.35,Low,SUV,32,197,6.16,50,324.2,1.9,615.98
USER-10727-RjHs,Rebecca Reed,Hyderabad,2026-04-02,22,Tuesday,24.9,High,SUV,17,162,9.53,75,378.8,1.9,719.72
USER-34910-FtaB,Edward Chavez,Delhi,2025-12-24,2,Sunday,27.52,Low,Sedan,47,99,2.11,99,380.24,1.7,646.41
USER-82142-UmBL,Douglas Trevino,Mumbai,2026-07-18,7,Friday,26.42,Low,SUV,82,12,0.15,85,397.04,1.0,397.04
USER-61449-tlKB,Michael Hughes,Delhi,2026-04-22,16,Tuesday,2.4,Medium,Bike,74,154,2.08,15,43.8,1.8,78.84
USER-14978-lyYB,Julian Turner,Delhi,2025-09-21,21,Tuesday,25.87,High,Hatchback,55,124,2.25,90,350.44,1.5,525.66
USER-66708-bXAf,Julie Patterson,Pune,2026-05-20,12,Tuesday,6.03,High,Bike,48,31,0.65,18,87.36,1.0,87.36
USER-94062-zQaD,Bethany Daniels,Chennai,2026-06-08,8,Thursday,3.89,Jam,Auto,69,121,1.75,16,76.68,1.3,99.68
USER-59149-ESvd,Ronald Santos,Bengaluru,2025-09-30,6,Saturday,17.59,Low,Bike,88,156,1.77,50,226.08,1.2,271.3
USER-32440-ZFNS,Patrick Simpson,Chennai,2025-10-29,13,Saturday,12.0,Medium,Hatchback,78,32,0.41,34,184.0,1.0,184.0
USER-08760-htzE,Danielle Garcia,Bengaluru,2026-08-11,11,Monday,7.48,High,Hatchback,49,162,3.31,28,129.76,1.6,207.62
USER-20223-kGVS,Matthew Martinez,Pune,2026-03-05,14,Wednesday,22.19,High,Sedan,61,21,0.34,80,316.28,1.0,316.28
USER-46617-ABjb,Kevin Richardson,Pune,2025-11-29,11,Wednesday,6.3,Jam,Auto,98,31,0.32,15,105.6,1.0,105.6
USER-97052-DUDr,Matthew Barry,Chennai,2025-08-20,19,Tuesday,32.51,Medium,Sedan,41,13,0.32,84,440.12,1.0,440.12
USER-25957-TYir,Kayla Thompson,Pune,2026-05-31,15,Sunday,1.77,Jam,Auto,31,199,6.42,9,51.24,1.8,92.23
USER-88425-LLwL,Dr. Larry White,Pune,2026-03-31,17,Thursday,17.42,Low,Auto,98,46,0.47,55,239.04,1.0,239.04
USER-75331-lUyW,Brent Rodriguez,Pune,2026-08-07,21,Saturday,18.91,Low,Hatchback,37,53,1.43,44,266.92,1.3,347.0
USER-59025-gSCy,Ryan Jones,Delhi,2025-10-05,1,Saturday,16.81,Medium,Bike,6,27,4.5,49,216.72,1.8,390.1
USER-68319-bOQg,Michael Perez DDS,Delhi,2025-10-30,11,Saturday,30.39,Low,Sedan,7,84,12.0,108,414.68,1.6,663.49
USER-87339-EGww,Sharon Peterson,Hyderabad,2026-03-31,22,Tuesday,4.39,Medium,Auto,45,134,2.98,24,82.68,1.5,124.02
USER-12841-hFod,James Jones,Hyderabad,2026-03-25,14,Tuesday,20.06,Medium,Sedan,96,15,0.16,51,290.72,1.0,290.72
USER-24189-pHNG,Hunter Brennan,Delhi,2025-12-09,15,Wednesday,14.38,Low,Hatchback,25,14,0.56,43,212.56,1.0,212.56
USER-05643-vWdi,Victoria Delgado,Hyderabad,2025-10-31,9,Friday,9.03,High,Auto,69,80,1.16,35,138.36,1.0,138.36
USER-05169-VNfJ,Robert Elliott DDS,Mumbai,2026-02-08,0,Sunday,33.1,Low,Auto,40,67,1.68,81,427.2,1.3,555.36
USER-30003-IMyR,Danny Bell MD,Bengaluru,2026-04-24,12,Sunday,18.7,Jam,Auto,91,166,1.82,66,254.4,1.2,305.28
USER-68217-hNxw,Melissa Jordan,Hyderabad,2025-10-27,13,Tuesday,34.0,Low,Bike,82,94,1.15,94,423.0,1.0,423.0
USER-89003-dedi,Adam Gutierrez,Mumbai,2026-01-24,4,Wednesday,20.76,High,Sedan,92,61,0.66,74,299.12,1.0,299.12
USER-96711-eqIn,Dana Carter,Chennai,2026-02-14,16,Saturday,31.93,High,Bike,60,47,0.78,99,398.16,1.0,398.16
USER-43845-SIGg,Teresa Deleon,Hyderabad,2025-09-06,17,Sunday,19.12,Jam,Sedan,97,40,0.41,47,279.44,1.0,279.44
USER-34831-xUYj,Chad Daugherty,Bengaluru,2025-08-30,10,Monday,30.92,Jam,SUV,57,115,2.02,81,451.04,1.6,721.66
USER-96410-rNyF,Russell Nelson,Bengaluru,2025-08-24,4,Saturday,7.28,Jam,Auto,83,167,2.01,22,117.36,1.8,211.25
USER-04085-bMWv,Cody Jordan,Mumbai,2026-07-20,0,Friday,13.21,Medium,Auto,93,132,1.42,38,188.52,1.3,245.08
USER-01864-IDBK,Lisa Glenn,Delhi,2026-05-07,12,Friday,17.71,High,Bike,22,51,2.32,42,227.52,1.7,386.78
USER-04413-XIsv,Willie Allen,Hyderabad,2026-03-14,8,Thursday,33.31,High,Sedan,33,200,6.06,105,449.72,1.9,854.47
USER-90149-Quql,Rachel Patrick,Delhi,2026-01-26,14,Thursday,30.48,Low,SUV,67,186,2.78,84,445.76,1.9,846.94
USER-36091-rNJu,Karen Richard,Bengaluru,2026-07-31,1,Saturday,21.67,High,Sedan,53,194,3.66,63,310.04,1.8,558.07
USER-29031-PclR,Bethany Mccoy,Delhi,2026-02-18,1,Wednesday,18.7,High,Auto,62,126,2.03,62,254.4,1.9,483.36
USER-44058-TcMp,Amy Klein,Chennai,2025-12-23,17,Wednesday,14.45,Jam,Auto,99,20,0.2,50,203.4,1.0,203.4
USER-61642-buMY,Damon Hudson,Chennai,2025-12-27,1,Thursday,7.45,High,SUV,61,111,1.82,30,169.4,1.2,203.28
USER-29019-nZuG,Caitlin Williams,Delhi,2026-05-05,19,Sunday,32.25,High,Bike,93,142,1.53,117,402.0,1.3,522.6
USER-61139-GKOJ,Amanda Barber,Hyderabad,2026-05-12,23,Sunday,18.02,Low,Hatchback,28,159,5.68,71,256.24,1.6,409.98
USER-54394-pvpZ,Mary Meyer,Bengaluru,2026-05-24,14,Sunday,1.85,Jam,Sedan,63,161,2.56,11,72.2,1.9,137.18
USER-65158-GexP,Melissa Wallace,Pune,2026-02-10,10,Monday,24.52,Jam,Bike,96,51,0.53,78,309.24,1.0,309.24
USER-36929-qYsv,Victoria Frost,Chennai,2025-12-10,22,Tuesday,16.28,Jam,Hatchback,51,31,0.61,53,235.36,1.0,235.36
USER-27021-AqWJ,Mackenzie Barton,Mumbai,2026-05-04,16,Friday,21.81,Low,Bike,25,106,4.24,63,276.72,1.9,525.77
USER-12886-Bwiz,Allison Jackson,Bengaluru,2026-04-29,18,Saturday,30.62,High,Auto,24,51,2.12,105,397.44,1.9,755.14
USER-91015-CAOC,Stephanie Vargas,Delhi,2026-05-15,9,Saturday,11.52,Jam,Bike,62,83,1.34,36,153.24,1.4,214.54
USER-81209-LxRP,Ralph Hendricks,Pune,2026-01-30,0,Tuesday,22.17,Medium,Hatchback,37,13,0.35,68,306.04,1.0,306.04
USER-47509-HHLG,Theresa Davis,Pune,2026-06-21,0,Tuesday,21.67,High,SUV,68,70,1.03,59,340.04,1.0,340.04
USER-36849-Nugw,Tiffany Williams,Delhi,2025-11-29,14,Friday,3.7,High,SUV,81,11,0.14,18,124.4,1.0,124.4
USER-49134-jgnJ,Christopher Crosby,Hyderabad,2026-06-19,20,Saturday,19.96,Low,Hatchback,31,22,0.71,47,279.52,1.0,279.52
USER-07053-sKBU,Kimberly Lloyd,Bengaluru,2026-01-26,1,Tuesday,5.94,Jam,Sedan,9,180,20.0,23,121.28,1.7,206.18
USER-67412-rUQh,Tamara Wilson,Bengaluru,2026-08-06,3,Sunday,15.18,Medium,Auto,27,51,1.89,55,212.16,1.2,254.59
USER-81506-gTYH,George Chavez,Delhi,2025-12-11,18,Friday,13.25,Low,Auto,9,33,3.67,48,189.0,1.7,321.3
USER-34727-lUFs,James Hahn,Mumbai,2025-10-04,2,Sunday,26.79,Low,Hatchback,75,26,0.35,69,361.48,1.0,361.48
USER-89320-ASqN,April Jones,Pune,2026-01-03,8,Friday,12.19,High,SUV,57,144,2.53,33,226.28,1.8,407.3
USER-34776-MwIE,Catherine Evans,Chennai,2025-12-03,23,Wednesday,34.3,High,SUV,72,32,0.44,99,491.6,1.0,491.6
USER-75156-TiXE,Matthew Wilson,Hyderabad,2026-06-20,10,Wednesday,9.83,Jam,Bike,78,169,2.17,28,132.96,1.8,239.33
USER-60854-RuAz,Jordan Wu,Bengaluru,2026-06-08,23,Saturday,22.48,High,Auto,68,56,0.82,79,299.76,1.0,299.76
USER-76392-InXO,Mr. Mark Williams,Delhi,2025-09-26,6,Wednesday,1.05,High,Bike,8,129,16.12,6,27.6,1.9,52.44
USER-61558-ePdH,Tiffany Smith,Chennai,2025-11-02,19,Friday,34.97,Medium,Hatchback,57,21,0.37,97,459.64,1.0,459.64
USER-55638-Upac,Crystal Solis,Hyderabad,2026-06-22,6,Thursday,1.38,Low,Hatchback,30,186,6.2,6,56.56,1.7,96.15
USER-03304-VhYy,Amanda Campbell,Hyderabad,2026-04-13,10,Monday,27.08,High,Auto,19,185,9.74,75,354.96,1.9,674.42
USER-60089-jgVL,Nathan Farmer,Bengaluru,2026-06-02,0,Thursday,29.29,High,Sedan,29,94,3.24,104,401.48,2.0,802.96
USER-31497-ysBf,Allison Hill,Hyderabad,2025-11-06,20,Monday,5.62,High,SUV,24,170,7.08,25,147.44,1.9,280.14
USER-07658-TgCo,Kim Sanchez,Delhi,2026-03-16,13,Sunday,32.54,Medium,SUV,12,143,11.92,86,470.48,1.8,846.86
USER-79145-jZOf,Unknown,Delhi,2025-09-21,18,Thursday,24.31,Jam,Hatchback,50,26,0.52,89,331.72,1.0,331.72
USER-89307-qAtV,Jamie Massey,Mumbai,2025-12-18,10,Thursday,34.44,High,Hatchback,85,146,1.72,120,453.28,1.2,543.94
USER-87875-PpuD,Aaron Vaughn,Chennai,2026-05-03,9,Wednesday,24.98,Low,Auto,45,191,4.24,59,329.76,1.5,494.64
USER-28123-ChcB,Jaime Sherman,Hyderabad,2026-02-14,11,Thursday,16.36,Jam,Bike,43,65,1.51,49,211.32,1.1,232.45
USER-16448-uNxK,Jennifer Smith,Pune,2026-04-11,6,Thursday,32.05,Medium,Hatchback,61,139,2.28,74,424.6,2.0,849.2
USER-35228-TEau,Larry Kennedy,Pune,2026-01-16,10,Friday,32.4,Low,Auto,98,144,1.47,86,418.8,1.1,460.68
USER-75109-DMke,Christina Davis,Delhi,2025-12-23,16,Thursday,24.01,Medium,Sedan,21,62,2.95,83,338.12,1.7,574.8
USER-69459-XzqJ,Corey Mitchell,Pune,2026-03-03,3,Friday,1.14,Low,Hatchback,10,185,18.5,6,53.68,1.7,91.26
USER-91289-PXyv,Daniel White,Mumbai,2026-03-15,3,Sunday,18.7,High,Hatchback,89,200,2.25,52,264.4,1.8,475.92
USER-33192-jkEa,Christine Smith,Pune,2025-12-13,6,Friday,7.55,Low,Bike,40,146,3.65,27,105.6,1.8,190.08
USER-48138-zyXy,Jessica Ruiz,Chennai,2026-05-02,5,Wednesday,10.3,High,Hatchback,6,169,28.17,32,163.6,1.6,261.76
USER-42687-FSYq,Sarah Moses,Bengaluru,2026-04-24,10,Sunday,10.22,Jam,Sedan,95,82,0.86,33,172.64,1.0,172.64
USER-56398-myxl,Jacob Owens,Mumbai,2026-07-24,19,Friday,31.34,Medium,SUV,74,123,1.66,67,456.08,1.2,547.3
USER-15480-MrcP,Abigail Collins,Delhi,2025-11-25,3,Sunday,14.04,Low,Sedan,16,119,7.44,45,218.48,1.8,393.26
USER-79772-EVPW,Tricia Morrow,Delhi,2026-03-04,6,Wednesday,25.24,High,Auto,90,146,1.62,62,332.88,1.3,432.74
USER-21610-COTd,Brittany Fitzgerald,Chennai,2025-12-10,22,Tuesday,16.92,High,Bike,63,89,1.41,60,218.04,1.2,261.65
USER-52958-aQzA,Alice Hood,Pune,2026-06-19,4,Monday,30.28,Low,Bike,83,76,0.92,110,378.36,1.0,378.36
USER-04938-AlOV,Derek Thompson,Chennai,2026-06-21,21,Monday,12.23,High,Sedan,46,126,2.74,36,196.76,1.7,334.49
USER-19711-flUf,Glenn Carroll,Chennai,2025-10-24,14,Monday,29.76,Low,Bike,41,99,2.41,90,372.12,1.8,669.82
USER-34324-dyTs,James Miller,Bengaluru,2025-10-21,22,Wednesday,28.09,High,SUV,46,152,3.3,89,417.08,1.8,750.74
USER-44741-FwLx,Denise Gonzalez,Mumbai,2025-12-22,13,Saturday,9.11,Jam,Bike,36,150,4.17,29,124.32,1.7,211.34
USER-93654-nvSG,Lauren Moore,Bengaluru,2026-03-06,22,Monday,21.09,High,Auto,60,155,2.58,77,283.08,1.8,509.54
USER-01827-iDLu,Deanna Mcdonald,Chennai,2025-12-31,21,Monday,3.65,Low,Sedan,96,156,1.62,14,93.8,1.3,121.94
USER-26755-Pglw,Ian Santana,Pune,2025-12-07,17,Saturday,4.32,Medium,Auto,61,55,0.9,18,81.84,1.0,81.84
USER-66734-UxMv,Joyce Johnston,Hyderabad,2026-02-09,3,Friday,24.31,Low,Bike,81,107,1.32,62,306.72,1.1,337.39
USER-96902-GktM,Jeffery Adams,Chennai,2026-08-05,18,Tuesday,31.71,Medium,Hatchback,86,10,0.12,103,420.52,1.0,420.52
USER-14257-zkDa,Gary Choi,Mumbai,2026-04-15,9,Thursday,14.26,Medium,Sedan,78,124,1.59,39,221.12,1.2,265.34
USER-13285-aEkw,David Harris,Delhi,2025-09-22,21,Sunday,11.35,Jam,Bike,60,193,3.22,46,151.2,2.0,302.4
USER-16252-zXus,Sandra Mccarthy,Hyderabad,2026-06-12,19,Thursday,34.54,Jam,Hatchback,56,42,0.75,115,454.48,1.0,454.48
USER-90392-Xpxx,Hannah Santiago,Hyderabad,2025-12-19,17,Saturday,33.91,Jam,Auto,5,190,38.0,103,436.92,1.6,699.07
USER-46156-PlBj,Jonathan Williams,Pune,2025-11-29,0,Wednesday,9.0,Jam,Auto,94,161,1.71,30,138.0,1.3,179.4
USER-81715-RUgP,Jennifer Martin,Delhi,2026-06-28,13,Friday,19.53,Low,Bike,89,54,0.61,57,249.36,1.0,249.36
USER-07660-tBqV,Jonathon Parks,Delhi,2026-04-06,11,Sunday,29.56,Jam,Hatchback,24,83,3.46,107,394.72,1.6,631.55
USER-51268-WyRf,Michelle Richard,Delhi,2025-10-11,0,Thursday,5.9,High,Bike,67,178,2.66,19,85.8,1.5,128.7
USER-07401-FDxd,Monica Gibson,Chennai,2026-07-08,13,Thursday,30.25,High,SUV,94,164,1.74,106,443.0,1.2,531.6
USER-42456-bCut,Pamela Johnson,Delhi,2026-04-06,14,Saturday,14.08,High,Auto,33,57,1.73,39,198.96,1.3,258.65
USER-12276-rwDS,Danielle Miller,Chennai,2026-03-30,7,Monday,25.21,Jam,Auto,39,115,2.95,92,332.52,1.5,498.78
USER-16815-OVtB,Andrew Lynch,Bengaluru,2026-01-10,15,Sunday,24.97,High,Auto,19,158,8.32,70,329.64,1.6,527.42
USER-49883-SZdx,Rebecca Duncan,Hyderabad,2026-03-14,8,Wednesday,16.81,Jam,Sedan,15,143,9.53,59,251.72,1.6,402.75
USER-09624-raAn,Charlene Mason,Pune,2025-08-24,21,Friday,33.65,Medium,Sedan,14,185,13.21,105,453.8,1.8,816.84
USER-13305-oeNs,Richard Reid,Delhi,2026-05-10,17,Saturday,27.47,Jam,Hatchback,65,126,1.94,85,369.64,1.3,480.53
USER-80555-wCjD,Erin Price,Hyderabad,2026-06-25,11,Saturday,33.66,Medium,SUV,42,84,2.0,81,483.92,1.3,629.1
USER-17851-nVHx,Matthew Duncan,Delhi,2025-12-06,1,Sunday,22.4,Jam,SUV,79,53,0.67,70,348.8,1.0,348.8
USER-96604-JVFp,Kevin Weber,Bengaluru,2026-01-01,19,Saturday,1.93,Jam,Hatchback,67,31,0.46,7,63.16,1.0,63.16
USER-94226-JAwW,Daniel Gay,Bengaluru,2025-11-05,8,Sunday,9.57,High,Sedan,83,81,0.98,29,164.84,1.0,164.84
USER-15888-zozF,Unknown,Delhi,2026-05-20,3,Wednesday,21.53,Jam,Bike,80,199,2.49,56,273.36,1.7,464.71
USER-72169-PAAA,Aaron Gallegos,Mumbai,2025-10-25,22,Tuesday,9.03,Medium,Bike,28,145,5.18,36,123.36,2.0,246.72
USER-60593-kKOE,Yvonne Greene,Chennai,2026-04-24,19,Saturday,32.75,Low,Hatchback,24,136,5.67,110,433.0,1.9,822.7
USER-27532-ETmu,Jorge Lee,Pune,2025-10-04,14,Sunday,25.68,Low,Bike,26,63,2.42,80,323.16,1.5,484.74
USER-32781-ZMvk,David Morrison,Chennai,2025-11-14,3,Saturday,2.79,Low,Auto,64,112,1.75,16,63.48,1.3,82.52
USER-76164-TIhT,Michael Camacho,Pune,2026-05-28,17,Wednesday,8.94,Low,SUV,92,190,2.07,29,187.28,1.6,299.65
USER-05687-BYhg,Amy Cain,Hyderabad,2025-10-09,0,Monday,10.82,Low,Bike,62,107,1.73,42,144.84,1.3,188.29
USER-73415-PSeD,Gerald Durham,Delhi,2026-07-11,17,Sunday,22.67,Medium,Sedan,60,166,2.77,82,322.04,1.7,547.47
USER-49490-WijH,Jeremy Cobb,Delhi,2025-11-30,3,Thursday,9.68,High,Hatchback,79,110,1.39,31,156.16,1.3,203.01
USER-94774-jVZS,Elizabeth Baldwin,Delhi,2025-10-03,6,Tuesday,18.68,Jam,Sedan,91,186,2.04,72,274.16,1.8,493.49
USER-29045-UGVH,Samuel Aguilar,Pune,2026-01-12,2,Saturday,1.41,Medium,Sedan,17,144,8.47,12,66.92,1.7,113.76
USER-56728-ElEy,Samuel Edwards,Pune,2025-08-22,8,Wednesday,7.56,High,Bike,8,168,21.0,21,105.72,2.0,211.44
USER-13577-KOaV,Chris Franklin,Delhi,2026-06-22,22,Tuesday,33.57,Medium,Bike,16,164,10.25,77,417.84,1.9,793.9
USER-58148-IVIf,Jennifer Garcia,Delhi,2026-08-06,8,Saturday,11.02,Medium,Bike,89,29,0.33,38,147.24,1.0,147.24
USER-33720-MrJr,Catherine Mayer,Delhi,2025-09-19,22,Sunday,31.72,Low,Bike,46,75,1.63,74,395.64,1.2,474.77
USER-97718-YduY,Daniel Sanchez,Chennai,2026-04-06,12,Saturday,12.31,Low,SUV,12,76,6.33,48,227.72,1.6,364.35
USER-97490-LBhU,Brett Lawrence,Bengaluru,2026-07-07,6,Wednesday,21.75,Medium,Hatchback,27,175,6.48,63,301.0,1.8,541.8
USER-69472-vGEG,Joy Smith,Pune,2025-11-29,19,Monday,22.87,High,Hatchback,61,193,3.16,56,314.44,1.5,471.66
USER-71270-uGEF,Michael Gordon,Mumbai,2025-10-16,8,Monday,27.43,Jam,Sedan,7,137,19.57,62,379.16,2.0,758.32
USER-82313-ntGt,Jessica Little,Bengaluru,2025-12-12,8,Friday,6.15,Low,Sedan,47,110,2.34,27,123.8,1.9,235.22
USER-36229-QkuH,Michael Morris,Chennai,2026-08-10,15,Tuesday,15.83,Jam,Sedan,98,27,0.28,46,239.96,1.0,239.96
USER-45245-UwVu,Kaitlyn Chase,Mumbai,2026-01-28,22,Monday,28.81,Jam,SUV,66,41,0.62,89,425.72,1.0,425.72
USER-52740-TmnQ,Jennifer Schmitt,Bengaluru,2026-05-06,9,Thursday,14.62,High,Auto,85,175,2.06,41,205.44,1.9,390.34
USER-33987-rgep,James Grant,Delhi,2025-10-15,14,Tuesday,26.86,Jam,Auto,42,175,4.17,71,352.32,1.5,528.48
USER-34996-dgdO,Tyler Mccarthy,Pune,2025-12-20,6,Saturday,11.16,Jam,Sedan,54,37,0.69,39,183.92,1.0,183.92
USER-62294-KmJf,Stanley Jones,Bengaluru,2026-01-24,20,Monday,15.89,High,Hatchback,29,45,1.55,34,230.68,1.3,299.88
USER-15573-luDo,Melissa Taylor,Chennai,2026-02-01,15,Wednesday,14.22,High,Sedan,74,174,2.35,45,220.64,2.0,441.28
USER-66670-HdGx,Allison Wilson,Chennai,2025-08-23,0,Tuesday,2.26,Low,Hatchback,12,96,8.0,9,67.12,1.7,114.1
USER-11918-XhIk,Katherine Andrews,Delhi,2026-06-05,20,Sunday,23.69,Low,Hatchback,63,183,2.9,88,324.28,1.6,518.85
USER-64772-Pvel,Wendy Walton,Hyderabad,2026-04-11,2,Thursday,2.25,Jam,Auto,23,135,5.87,15,57.0,2.0,114.0
USER-00356-jqoL,Abigail Clayton,Hyderabad,2026-04-20,7,Thursday,24.84,Jam,Bike,21,13,0.62,58,313.08,1.0,313.08
USER-92323-tlgb,Stephanie Espinoza,Chennai,2026-02-28,3,Monday,16.51,Low,Bike,26,161,6.19,37,213.12,1.6,340.99
USER-33342-Bron,Benjamin Harrell,Chennai,2026-05-26,19,Monday,8.5,Jam,Auto,30,119,3.97,29,132.0,1.7,224.4
USER-36077-zmnX,Sean Dickerson,Hyderabad,2026-01-03,18,Monday,19.56,Low,Bike,46,64,1.39,65,249.72,1.2,299.66
USER-31795-VuAm,Misty Martinez,Chennai,2025-11-02,4,Friday,26.76,High,SUV,26,188,7.23,72,401.12,1.7,681.9
USER-66615-xteB,Theresa Smith,Delhi,2026-07-28,1,Sunday,5.53,Medium,Auto,85,166,1.95,18,96.36,1.1,106.0
USER-45023-lKai,Jean Ruiz,Pune,2026-02-22,0,Saturday,1.25,Jam,Auto,16,190,11.88,9,45.0,1.7,76.5
USER-45962-AllH,Christine Singh,Bengaluru,2026-08-05,15,Friday,24.54,Medium,Sedan,31,46,1.48,82,344.48,1.2,413.38
USER-65495-bYbv,Amanda Harris,Bengaluru,2025-08-27,5,Friday,21.76,Medium,SUV,9,162,18.0,58,341.12,1.8,614.02
USER-22105-ofAe,Pamela Sharp,Bengaluru,2025-09-27,9,Sunday,12.83,Jam,Hatchback,5,152,30.4,33,193.96,2.0,387.92
USER-47742-uQIx,Larry Walsh,Hyderabad,2026-08-01,19,Wednesday,13.3,Low,SUV,74,139,1.88,35,239.6,1.2,287.52
USER-38223-QfVg,Sarah Gonzalez,Hyderabad,2026-05-06,4,Thursday,24.3,Low,Bike,65,137,2.11,57,306.6,1.5,459.9
USER-79889-rWiu,Nicholas Turner,Mumbai,2026-01-18,6,Monday,15.78,Low,SUV,47,167,3.55,59,269.36,1.5,404.04
USER-20326-uaKE,Craig White,Pune,2026-02-10,17,Thursday,6.98,Jam,SUV,8,134,16.75,22,163.76,1.9,311.14
USER-48552-qvZF,Dennis Gonzales,Mumbai,2026-05-26,18,Friday,20.71,Low,Sedan,58,60,1.03,71,298.52,1.0,298.52
USER-08213-DhhJ,Richard Simmons,Chennai,2026-05-04,3,Friday,12.09,High,Sedan,17,70,4.12,42,195.08,1.7,331.64
USER-82683-jRoX,William Miller,Hyderabad,2025-08-23,15,Wednesday,20.89,High,Hatchback,11,121,11.0,55,290.68,1.6,465.09
USER-08583-SHkx,Kristine Schmidt,Chennai,2025-10-14,14,Saturday,25.47,Medium,Bike,85,101,1.19,93,320.64,1.0,320.64
USER-40646-HAED,Lisa Garrison,Chennai,2025-12-13,1,Wednesday,24.54,High,Auto,12,81,6.75,63,324.48,1.7,551.62
USER-99106-ijEk,Justin Collins,Bengaluru,2026-05-23,10,Saturday,8.48,Medium,SUV,42,164,3.9,22,181.76,1.8,327.17
USER-51342-zhUV,Jeanne Lee,Mumbai,2026-03-19,7,Sunday,3.94,Medium,SUV,71,135,1.9,17,127.28,1.3,165.46
USER-18481-XOME,Paige Smith,Mumbai,2025-11-10,8,Wednesday,1.49,Low,Hatchback,59,198,3.36,9,57.88,1.7,98.4
USER-54064-hODB,Brittany Beard,Pune,2026-03-19,18,Thursday,33.17,Jam,Sedan,78,11,0.14,89,448.04,1.0,448.04
USER-95376-AdOg,Ann Dennis,Mumbai,2026-06-29,15,Wednesday,25.94,High,Sedan,69,18,0.26,76,361.28,1.0,361.28
USER-51017-pLFo,Jennifer Huff,Pune,2026-03-21,22,Tuesday,28.92,Low,SUV,62,136,2.19,78,427.04,1.9,811.38
USER-60919-YPgK,Krystal Obrien,Chennai,2025-09-21,13,Saturday,33.3,Medium,Sedan,21,101,4.81,84,449.6,1.5,674.4
USER-60577-KHcz,Stephanie Fisher,Chennai,2026-06-10,5,Wednesday,24.91,Jam,Auto,78,159,2.04,59,328.92,1.7,559.16
USER-14607-qwRw,Allison Bautista,Mumbai,2025-12-24,22,Thursday,14.78,High,SUV,52,170,3.27,41,257.36,1.9,488.98
USER-23885-VzWw,Michael Walters,Bengaluru,2026-05-29,22,Saturday,12.32,Jam,Auto,9,85,9.44,38,177.84,1.8,320.11
USER-35411-OzuN,Joshua Trujillo,Delhi,2026-02-15,18,Thursday,28.01,Jam,Bike,92,30,0.33,89,351.12,1.0,351.12
USER-75225-bhmL,Karla Rogers,Delhi,2025-12-08,1,Saturday,18.5,High,Hatchback,91,103,1.13,64,262.0,1.0,262.0
USER-11964-jTvI,Luke Jones,Chennai,2025-12-24,14,Thursday,22.05,Jam,Auto,51,103,2.02,59,294.6,1.9,559.74
USER-91537-cpJj,Stacy Carter,Pune,2026-04-18,6,Wednesday,5.71,Jam,Bike,47,71,1.51,25,83.52,1.3,108.58
USER-32043-bNEC,Mrs. Courtney Wong,Pune,2026-01-15,22,Monday,8.13,Medium,SUV,100,67,0.67,26,177.56,1.0,177.56
USER-64546-xxpu,Lauren Burton,Mumbai,2026-03-02,13,Monday,10.42,Medium,Sedan,13,105,8.08,35,175.04,1.8,315.07
USER-87851-ZMoU,Joshua Anderson,Pune,2025-12-22,15,Monday,25.13,Medium,SUV,91,146,1.6,93,381.56,1.3,496.03
USER-79612-bJCJ,Amy Montgomery,Delhi,2026-04-11,22,Wednesday,28.5,Jam,Bike,13,58,4.46,104,357.0,1.5,535.5
USER-94097-BTWi,Ana Higgins,Bengaluru,2026-08-12,5,Wednesday,10.8,Jam,Sedan,14,37,2.64,27,179.6,1.8,323.28
USER-86289-uaNd,Elizabeth Hall,Chennai,2026-05-04,6,Tuesday,18.7,Low,Auto,85,15,0.18,55,254.4,1.0,254.4
USER-33922-bPFU,Jason Martin,Chennai,2025-09-30,15,Friday,12.79,Jam,Hatchback,61,198,3.25,43,193.48,1.6,309.57
USER-72521-twlT,Jasmine Russell,Pune,2026-01-21,7,Monday,29.39,Low,Bike,71,175,2.46,80,367.68,1.8,661.82
USER-15718-qbMd,Darrell Duke,Delhi,2026-08-11,15,Tuesday,21.17,High,Auto,94,145,1.54,78,284.04,1.2,340.85
USER-56409-Kxel,William Smith,Mumbai,2025-10-25,9,Sunday,6.84,Medium,Hatchback,38,68,1.79,24,122.08,1.3,158.7
USER-29592-CTXl,Anne Vega,Mumbai,2026-02-18,11,Friday,10.67,Jam,Auto,26,168,6.46,46,158.04,1.6,252.86
USER-14415-RlLH,Joshua Rubio,Chennai,2025-10-17,22,Monday,24.56,Medium,Hatchback,90,49,0.54,58,334.72,1.0,334.72
USER-86718-evpx,Tamara Pace DVM,Mumbai,2025-10-08,10,Monday,20.53,Jam,Bike,61,76,1.25,57,261.36,1.3,339.77
USER-79181-QPuH,Anthony Haas,Hyderabad,2026-03-11,10,Tuesday,34.25,Jam,Hatchback,23,105,4.57,95,451.0,1.8,811.8
USER-34666-yfFb,Frank West,Pune,2026-02-12,0,Wednesday,14.76,Jam,Hatchback,68,47,0.69,57,217.12,1.0,217.12
USER-08031-tLVK,Willie Townsend,Hyderabad,2026-03-03,23,Tuesday,19.57,Low,Hatchback,69,94,1.36,64,274.84,1.2,329.81
USER-80688-lGxR,Eric Lopez,Bengaluru,2026-04-29,18,Monday,23.67,Low,SUV,77,196,2.55,88,364.04,1.7,618.87
USER-37399-acyn,Michelle Jones,Mumbai,2026-07-12,15,Tuesday,31.61,High,Auto,22,183,8.32,95,409.32,1.5,613.98
USER-26356-cjjM,Suzanne Rivera,Mumbai,2025-11-15,7,Saturday,16.16,Jam,Hatchback,16,93,5.81,38,233.92,1.8,421.06
USER-46066-yrmX,Lori Harris,Pune,2026-02-11,8,Friday,7.65,Jam,Auto,15,147,9.8,28,121.8,2.0,243.6
USER-11127-elIu,Betty Norris,Pune,2025-10-17,15,Tuesday,11.8,Jam,Sedan,82,140,1.71,47,191.6,1.2,229.92
USER-16318-FmiH,Scott Green,Chennai,2026-08-16,13,Monday,13.57,Low,Auto,52,13,0.25,39,192.84,1.0,192.84
USER-13695-CVjC,James Miller,Mumbai,2026-03-23,14,Saturday,30.73,Medium,Bike,16,65,4.06,104,383.76,1.9,729.14
USER-54257-mPdz,Keith Fry,Pune,2026-01-03,14,Sunday,10.81,Low,Bike,98,118,1.2,41,144.72,1.0,144.72
USER-07139-HsJk,Gabriella Griffith,Mumbai,2025-10-08,18,Tuesday,21.33,Low,Auto,23,63,2.74,62,285.96,2.0,571.92
USER-25502-gRoa,Joseph Smith,Pune,2026-01-03,18,Monday,26.71,Jam,Hatchback,16,11,0.69,75,360.52,1.0,360.52
USER-81079-PysR,Pamela Johnson,Bengaluru,2026-03-30,17,Monday,16.71,Medium,SUV,77,45,0.58,46,280.52,1.0,280.52
USER-72785-ojsO,William Fields,Chennai,2026-05-11,15,Sunday,2.44,Jam,Sedan,43,159,3.7,15,79.28,1.9,150.63
USER-20768-oziO,Alex Trujillo,Mumbai,2025-12-24,0,Wednesday,6.24,Jam,SUV,43,173,4.02,29,154.88,1.6,247.81
USER-55562-UHnp,Jill Price,Hyderabad,2025-11-04,9,Friday,15.18,Medium,Hatchback,67,186,2.78,47,222.16,1.6,355.46
USER-65436-jEgI,Kimberly Gallagher,Delhi,2026-04-12,2,Saturday,21.36,Jam,Auto,51,158,3.1,66,286.32,1.9,544.01
USER-68627-bSny,Juan Moore,Mumbai,2026-03-12,15,Friday,34.12,Medium,SUV,20,105,5.25,96,489.44,1.9,929.94
USER-73275-NWNH,Christina Jenkins,Chennai,2026-05-13,1,Thursday,5.97,Low,Auto,64,187,2.92,17,101.64,1.5,152.46
USER-51553-Vjnt,Thomas Booth,Bengaluru,2026-06-20,20,Saturday,32.01,High,Hatchback,50,22,0.44,87,424.12,1.0,424.12
USER-18222-AhIN,Michael Roberts,Hyderabad,2026-01-14,2,Sunday,18.47,Jam,Sedan,85,56,0.66,62,271.64,1.0,271.64
USER-27102-yEyE,Danielle Wilson,Pune,2025-10-18,10,Wednesday,29.11,High,SUV,92,87,0.95,77,429.32,1.0,429.32
USER-79551-xeli,Jillian Smith,Chennai,2026-04-02,18,Saturday,12.96,Medium,Auto,23,13,0.57,34,185.52,1.0,185.52
USER-15970-NLAk,Mark Carter,Pune,2025-12-28,15,Monday,15.01,High,Hatchback,25,36,1.44,44,220.12,1.2,264.14
USER-44765-crVW,Taylor Williams II,Bengaluru,2026-04-14,17,Saturday,21.86,High,Hatchback,72,146,2.03,70,302.32,1.7,513.94
USER-90463-Eyyc,William Weber,Bengaluru,2026-04-28,3,Monday,28.84,Jam,Sedan,7,132,18.86,79,396.08,1.6,633.73
USER-65254-JmFs,Sarah Mueller,Delhi,2025-11-22,19,Monday,18.79,Low,Sedan,48,54,1.12,59,275.48,1.0,275.48
USER-13125-ejKZ,Allison Anderson,Chennai,2025-11-12,3,Friday,8.56,Low,Auto,93,46,0.49,31,132.72,1.0,132.72
USER-91297-OvYQ,Robert Berg,Pune,2025-09-25,4,Saturday,34.36,Medium,Bike,59,186,3.15,111,427.32,1.5,640.98
USER-10633-dTfy,Charlene Higgins,Pune,2025-12-12,13,Thursday,2.45,Jam,Bike,18,18,1.0,17,44.4,1.0,44.4
USER-90728-aflm,Lisa Lopez MD,Pune,2025-11-21,15,Tuesday,5.04,Medium,Auto,37,21,0.57,12,90.48,1.0,90.48
USER-32694-MAGO,Chelsea Allison,Pune,2025-11-29,3,Friday,32.28,High,Bike,31,160,5.16,112,402.36,1.8,724.25
USER-42101-FwUd,Steve Sutton,Chennai,2026-03-31,4,Thursday,29.76,Low,SUV,40,158,3.95,79,437.12,1.9,830.53
USER-59194-UuCw,Megan Flores,Bengaluru,2026-05-15,19,Sunday,9.22,Jam,Sedan,77,27,0.35,21,160.64,1.0,160.64
USER-92056-DDuY,Zachary Lee,Hyderabad,2026-06-22,22,Tuesday,7.51,Jam,SUV,41,53,1.29,35,170.12,1.1,187.13
USER-02562-zxaB,Oscar Cruz,Hyderabad,2026-06-02,6,Saturday,32.3,Medium,Bike,95,131,1.38,86,402.6,1.2,483.12
USER-72453-bFzk,Claire Smith,Chennai,2025-12-06,5,Saturday,29.38,High,Bike,53,118,2.23,73,367.56,1.7,624.85
USER-27051-euTE,Dr. Jeffrey Valentine,Mumbai,2026-03-27,10,Thursday,5.2,Jam,Bike,19,143,7.53,18,77.4,1.9,147.06
USER-49691-MiHs,Tyler Welch MD,Hyderabad,2025-12-20,1,Thursday,3.8,Medium,Sedan,68,39,0.57,18,95.6,1.0,95.6
USER-63353-uOEY,Amy West,Chennai,2025-11-27,9,Tuesday,24.36,High,Bike,61,67,1.1,74,307.32,1.0,307.32
USER-39933-FKEb,Rachael Armstrong,Mumbai,2025-12-09,13,Friday,7.42,Jam,Bike,13,131,10.08,32,104.04,1.6,166.46
USER-41763-YXrT,Joseph Ford,Chennai,2025-10-08,15,Wednesday,23.85,Low,SUV,55,122,2.22,69,366.2,1.6,585.92
USER-97824-uFuM,Aaron Kelly,Mumbai,2026-07-06,22,Thursday,21.08,Medium,Hatchback,18,199,11.06,75,292.96,1.5,439.44
USER-38843-YyBS,Nicholas Moss,Chennai,2026-06-12,10,Friday,7.81,High,Bike,56,41,0.73,26,108.72,1.0,108.72
USER-61572-COyJ,Allen Schneider,Mumbai,2025-10-13,8,Saturday,27.0,High,Auto,79,161,2.04,73,354.0,1.7,601.8
USER-42925-bhdu,Craig Obrien,Delhi,2026-03-07,12,Tuesday,34.58,High,SUV,70,81,1.16,85,494.96,1.0,494.96
USER-25904-uKWK,Jeffrey Nguyen,Chennai,2025-08-31,8,Wednesday,17.64,Medium,SUV,34,170,5.0,62,291.68,1.5,437.52
USER-23155-vfAv,Brenda Garcia,Bengaluru,2026-05-18,2,Thursday,17.94,Low,Hatchback,8,55,6.88,53,255.28,1.6,408.45
USER-13721-Wqop,Jennifer Moore,Hyderabad,2025-09-07,3,Monday,26.85,Low,Auto,89,143,1.61,93,352.2,1.2,422.64
USER-33228-uuyW,Courtney Williams,Pune,2026-04-06,15,Sunday,18.16,High,SUV,74,97,1.31,68,297.92,1.3,387.3
USER-03903-oLFa,Melissa Pierce,Bengaluru,2025-12-23,1,Friday,34.68,High,Hatchback,20,108,5.4,100,456.16,1.7,775.47
USER-94485-Gykm,Christian Smith,Mumbai,2026-05-19,5,Friday,19.93,Medium,Sedan,43,190,4.42,52,289.16,1.6,462.66
USER-79863-lhcy,Matthew Hayes,Delhi,2026-06-07,15,Tuesday,26.98,Medium,Bike,77,182,2.36,83,338.76,1.8,609.77
USER-39457-dPOo,Elizabeth Norris,Chennai,2026-03-12,15,Thursday,20.12,High,Bike,25,139,5.56,47,256.44,1.7,435.95
USER-53765-DzMW,Adam Gallegos,Chennai,2025-10-16,19,Tuesday,24.0,High,Bike,41,92,2.24,52,303.0,1.6,484.8
USER-90040-tCyU,Stacey Farrell,Bengaluru,2026-03-12,23,Friday,20.85,Low,Sedan,85,97,1.14,61,300.2,1.0,300.2
USER-51460-tXch,Tricia Harmon,Mumbai,2025-12-05,11,Friday,15.01,Medium,Auto,12,179,14.92,40,210.12,1.8,378.22
USER-72011-UpDL,Melanie Johnson,Pune,2026-04-28,22,Thursday,3.23,Low,Hatchback,44,39,0.89,10,78.76,1.0,78.76
USER-66007-BDAl,Michael Lewis,Hyderabad,2026-08-07,1,Thursday,16.67,Low,Auto,59,155,2.63,54,230.04,1.6,368.06
USER-40433-SCZa,Michelle Harris,Delhi,2026-08-16,18,Saturday,1.76,Jam,Hatchback,45,106,2.36,12,61.12,1.8,110.02
USER-51957-EIkx,David Allison Jr.,Pune,2026-04-15,3,Wednesday,24.49,Medium,Sedan,31,96,3.1,74,343.88,1.6,550.21
USER-57542-RWFR,Jennifer Carpenter,Pune,2026-03-03,13,Monday,7.86,Jam,Auto,86,29,0.34,35,124.32,1.0,124.32
USER-77820-vGOj,Chad Middleton,Chennai,2026-03-24,8,Friday,2.62,Medium,Hatchback,78,112,1.44,11,71.44,1.3,92.87
USER-61618-IcHg,Rebecca Summers,Mumbai,2026-03-15,18,Monday,12.45,Medium,Bike,13,155,11.92,48,164.4,1.7,279.48
USER-58686-oKwV,Frances Wilson,Pune,2026-01-13,2,Monday,23.15,Low,Bike,43,139,3.23,82,292.8,1.8,527.04
USER-30817-jeSt,Brittney Benson,Pune,2025-11-13,13,Wednesday,14.68,Medium,Hatchback,84,141,1.68,49,216.16,1.2,259.39
USER-13000-shnl,Unknown,Pune,2026-06-15,22,Monday,18.55,Low,Sedan,28,157,5.61,59,272.6,1.6,436.16
USER-60945-yxnt,Jennifer Howard,Hyderabad,2026-01-21,19,Saturday,29.99,Jam,Hatchback,60,154,2.57,94,399.88,1.8,719.78
USER-55047-ZyWI,John Johnson,Chennai,2026-05-25,4,Wednesday,9.17,High,SUV,100,185,1.85,36,190.04,1.2,228.05
USER-17481-fpUT,Victor Blake,Bengaluru,2026-04-05,2,Tuesday,22.55,Jam,Sedan,57,78,1.37,76,320.6,1.2,384.72
USER-87396-gaRi,Julie Morris,Mumbai,2026-03-22,12,Thursday,9.11,Low,Hatchback,24,59,2.46,24,149.32,1.7,253.84
USER-96804-LhSH,Christopher Hill,Hyderabad,2026-02-12,13,Wednesday,15.35,High,Bike,9,61,6.78,38,199.2,1.5,298.8
USER-21377-payX,Gary Rodriguez,Bengaluru,2026-05-16,8,Wednesday,23.39,Medium,SUV,27,174,6.44,85,360.68,1.9,685.29
USER-97371-gkii,Danny Glenn,Bengaluru,2026-05-14,2,Thursday,11.67,Low,SUV,43,26,0.6,47,220.04,1.0,220.04
USER-85816-EcrB,Michael Smith,Hyderabad,2026-03-09,21,Monday,23.35,Low,Auto,16,111,6.94,83,310.2,1.6,496.32
USER-83210-kfKl,Mary Wells,Delhi,2026-04-17,16,Thursday,32.72,High,Hatchback,71,180,2.54,116,432.64,1.6,692.22
USER-96180-omjt,Wesley Douglas,Delhi,2025-10-05,7,Monday,21.39,Low,Sedan,45,94,2.09,77,306.68,1.9,582.69
USER-49804-Ziup,Alexandria Warren,Bengaluru,2026-06-27,13,Saturday,8.41,Medium,SUV,18,54,3.0,25,180.92,1.7,307.56
USER-81228-jWeE,Brett Hughes,Hyderabad,2026-02-20,18,Saturday,2.9,Medium,Bike,73,105,1.44,11,49.8,1.2,59.76
USER-34606-cuXz,Sara Ward,Pune,2025-08-27,21,Sunday,9.38,High,SUV,40,47,1.18,30,192.56,1.0,192.56
USER-27986-PWOk,Sharon Goodman,Hyderabad,2025-11-13,0,Friday,22.94,Jam,Auto,82,18,0.22,76,305.28,1.0,305.28
USER-20546-rDPZ,Jennifer Hoffman,Hyderabad,2026-08-12,21,Wednesday,9.15,High,Sedan,75,108,1.44,29,159.8,1.4,223.72
USER-98999-iEvf,Jasmin Pitts,Hyderabad,2026-04-27,17,Sunday,30.48,Low,Sedan,61,109,1.79,69,415.76,1.4,582.06
USER-83553-Kmwt,Devon Roberts,Pune,2025-10-26,9,Tuesday,4.07,Jam,Sedan,35,86,2.46,13,98.84,2.0,197.68
USER-92435-TIJu,Mckenzie Lopez,Delhi,2025-10-31,20,Thursday,14.81,Medium,Auto,9,80,8.89,57,207.72,1.7,353.12
USER-95275-pzET,Doris Wright,Pune,2025-11-24,10,Tuesday,25.39,High,Bike,17,51,3.0,87,319.68,1.5,479.52
USER-86013-ZqFD,Dawn Levy,Delhi,2026-07-24,23,Wednesday,28.66,High,Hatchback,99,93,0.94,78,383.92,1.0,383.92
USER-79176-yuhi,Derek Jarvis,Chennai,2025-10-22,20,Monday,22.81,Low,Auto,85,123,1.45,76,303.72,1.1,334.09
USER-16309-dahv,Joshua Adams,Bengaluru,2026-08-09,9,Thursday,11.67,High,SUV,15,38,2.53,36,220.04,1.9,418.08
USER-48532-bJLu,Luke Duncan,Mumbai,2026-05-22,20,Tuesday,26.95,Jam,Bike,81,185,2.28,77,338.4,1.7,575.28
USER-94711-pAop,Tiffany Davis,Chennai,2026-02-01,4,Saturday,9.86,Medium,Bike,92,161,1.75,37,133.32,1.2,159.98
USER-99673-ogfA,David Parker,Delhi,2026-05-04,5,Sunday,14.38,Jam,Hatchback,53,156,2.94,35,212.56,2.0,425.12
USER-76855-bFGN,Phillip Harris,Hyderabad,2026-01-06,20,Sunday,8.78,Medium,Sedan,16,128,8.0,24,155.36,1.5,233.04
USER-62633-uwzr,Lindsay Hale,Mumbai,2025-11-16,19,Wednesday,9.85,Medium,SUV,16,104,6.5,25,198.2,1.5,297.3
USER-93170-yKwx,Toni Parks,Chennai,2026-01-03,14,Monday,29.13,Jam,SUV,68,40,0.59,73,429.56,1.0,429.56
USER-47223-LPHM,Gregory Adams,Bengaluru,2026-02-27,8,Friday,10.79,Low,SUV,68,107,1.57,28,209.48,1.3,272.32
USER-21980-qfHq,Darryl Mann,Delhi,2026-01-29,9,Friday,25.71,Jam,Sedan,29,117,4.03,62,358.52,1.5,537.78
USER-31909-PYYV,Eric Meyer,Mumbai,2025-10-20,7,Wednesday,22.0,Jam,Bike,36,104,2.89,72,279.0,1.5,418.5
USER-11142-IhXD,Tyrone Morrison,Mumbai,2026-03-07,10,Thursday,34.13,Medium,Bike,55,185,3.36,87,424.56,1.9,806.66
USER-24808-Gdzi,Danielle Smith,Chennai,2025-10-17,8,Wednesday,3.48,Medium,Bike,76,25,0.33,12,56.76,1.0,56.76
USER-37213-kOMW,Laura Ramirez,Chennai,2025-09-01,11,Thursday,34.89,Medium,Auto,90,163,1.81,108,448.68,1.1,493.55
USER-68868-DPHw,Robert Byrd,Delhi,2026-05-31,12,Friday,11.29,Jam,Sedan,55,181,3.29,38,185.48,1.5,278.22
USER-20319-xthM,Carol Hodge,Chennai,2026-07-13,5,Saturday,18.13,High,Sedan,48,129,2.69,46,267.56,1.9,508.36
USER-62792-PYtz,Craig Smith,Bengaluru,2025-11-14,8,Saturday,4.97,Medium,SUV,10,42,4.2,19,139.64,1.9,265.32
USER-72603-jOgs,Mr. John Khan,Delhi,2026-01-01,9,Tuesday,31.69,Jam,SUV,38,166,4.37,108,460.28,1.8,828.5
USER-70715-vmtG,Heather Hunt,Bengaluru,2025-10-17,5,Saturday,11.73,Medium,Hatchback,67,48,0.72,42,180.76,1.0,180.76
USER-50765-ZNDw,Jordan Mccoy,Delhi,2026-04-01,4,Wednesday,2.86,Low,Hatchback,28,19,0.68,11,74.32,1.0,74.32
USER-80898-ejyv,Jeffrey Freeman,Chennai,2026-04-15,13,Monday,4.94,High,Bike,68,20,0.29,23,74.28,1.0,74.28
USER-46300-taim,Christina Jensen,Mumbai,2026-01-17,15,Friday,4.82,Medium,SUV,97,47,0.48,13,137.84,1.0,137.84
USER-12047-YeoD,Wanda Clark,Chennai,2026-07-17,9,Saturday,7.14,Jam,Auto,26,140,5.38,28,115.68,1.8,208.22
USER-57498-JVvO,Robin Cooper,Bengaluru,2026-04-17,16,Friday,27.07,High,Hatchback,28,116,4.14,96,364.84,1.9,693.2
USER-58476-dLtZ,Alex Webb,Mumbai,2026-06-28,10,Monday,1.88,Medium,Hatchback,92,184,2.0,11,62.56,1.3,81.33
USER-72188-xAVz,Colleen Blanchard,Mumbai,2026-01-17,10,Monday,6.23,Low,Bike,15,127,8.47,29,89.76,1.7,152.59
USER-50666-jAEb,Tiffany Bates,Mumbai,2025-12-17,19,Saturday,23.37,High,Bike,47,21,0.45,78,295.44,1.0,295.44
USER-93663-spNZ,Katherine Mullen,Hyderabad,2025-10-16,23,Saturday,34.99,High,Hatchback,77,43,0.56,83,459.88,1.0,459.88
USER-02867-fYZS,Ashlee Miller,Hyderabad,2026-04-11,9,Sunday,11.99,Low,SUV,12,200,16.67,33,223.88,1.5,335.82
